insert into author(author_id, first_name, second_name, birth_city, birth_country, birth_date, author_descr, nationality) values
(8152, 'Maryjane', 'Gleason', 'Hoppeview', 'Ireland', '1998-04-05', 'Libero doloribus saepe quia adipisci dolor. Et sint in expedita enim. Reiciendis quo vero quidem quia.', 'Ukrainian'),
(8077, 'Clark', 'Shanahan', 'Hannahhaven', 'Turkmenistan', '1978-12-07', 'Eos quas fuga. Sint non excepturi sed nihil quo in. Magnam quasi maxime. Et fuga officia occaecati quasi.', 'Indian'),
(1446, 'Schuyler', 'Donnelly', 'Karolannland', 'China', '1955-09-09', 'Officiis veniam repellat temporibus hic labore. Nisi repellendus atque. Cum ut assumenda. Accusantium aut pariatur voluptatem impedit accusantium ducimus. Qui culpa omnis quidem est doloremque cupiditate veniam.', 'Albanian'),
(723, 'Gretchen', 'Treutel', 'Sengerchester', 'Algeria', '1956-04-04', 'Hic quibusdam voluptates autem. Et iure assumenda omnis alias sint rerum. Veritatis sunt facilis cupiditate.', 'Ukrainian'),
(9035, 'Hollis', 'Nienow', 'Kovacekmouth', 'Slovenia', '1935-02-17', 'Blanditiis occaecati qui eligendi nesciunt necessitatibus est inventore. Omnis nihil facilis laborum amet. Ratione consectetur error tenetur laboriosam. Vero quibusdam nihil earum et omnis odit rerum. Similique minus ex impedit nisi culpa officia.', 'Slovenian'),
(962, 'Dewayne', 'Boehm', 'West Vanfort', 'Puerto Rico', '1930-11-26', 'Illo et officia a maiores. Saepe incidunt qui quas. Et voluptates ut. Consectetur itaque quo hic qui.', 'Central African'),
(6463, 'Kaylah', 'Ortiz', 'Raynorchester', 'Montenegro', '1944-03-29', 'Ut vero ad voluptas saepe. Iure odio hic assumenda. Sit et iste repellat rerum provident et facilis. A magnam cumque voluptas consequatur.', 'Belgian'),
(2084, 'Lilian', 'Terry', 'Pacochaside', 'Greenland', '1964-01-10', 'Nulla est quo illo. Ut qui velit ipsum mollitia molestiae iusto placeat. Fugit ut et. Nemo consequatur quis est fugiat sint qui. Blanditiis exercitationem culpa vel dolorum.', 'Czech'),
(1965, 'Myrtice', 'Goyette', 'West Lucile', 'Turkmenistan', '1966-06-14', 'Consequuntur nobis quia ut aperiam nesciunt quas. Quis ab culpa dolorem. Sit consequatur aut reprehenderit.', 'Spanish'),
(2696, 'Troy', 'Balistreri', 'Lebsackborough', 'United Arab Emirates', '1941-09-08', 'Labore non vero animi vitae qui et non. Fuga incidunt dicta at quasi. Et sed asperiores laborum est. Voluptatibus officia atque eos natus eveniet qui rerum.', 'Equatorial Guinean'),
(7496, 'Elmo', 'Cummerata', 'West Cordiaborough', 'Morocco', '1999-10-29', 'Impedit modi odio et aut velit itaque eligendi. Provident sunt veritatis cumque quo nam. Enim at et ullam aut. Dolor molestias totam tempora alias iste et. Non aut est dolor.', 'Armenian'),
(5607, 'Rashad', 'Schuster', 'Port Mark', 'Saint Vincent and the Grenadines', '1963-09-10', 'Quibusdam eum reprehenderit nulla doloremque facilis repellat. Quia ut voluptatem. Repudiandae illo in dolores distinctio molestiae. Ipsa sit molestiae ipsa.', 'Maldivan'),
(4787, 'Isabel', 'Fahey', 'New Genoveva', 'Antigua and Barbuda', '1987-09-02', 'Voluptatum et at. Sunt odio explicabo eos. Ex dolorem et aut ad rerum labore.', 'Kittian and Nevisian'),
(2232, 'Elsie', 'Kling', 'Port Tillmanstad', 'Costa Rica', '1970-06-01', 'Saepe ducimus expedita blanditiis quibusdam voluptas. Aut ea excepturi voluptas consequatur veniam deserunt. Rem deserunt voluptatem praesentium voluptatem. Corporis sit exercitationem quia vero perferendis et illo. Inventore aut alias quo.', 'Egyptian'),
(5833, 'Haven', 'Schowalter', 'East Krisshire', 'Mayotte', '1958-10-25', 'Laborum ut praesentium vitae dolor sed commodi harum. Voluptates voluptates autem hic iure distinctio. Nesciunt labore natus. Iusto explicabo voluptas. Autem dicta et et nobis.', 'Ukrainian'),
(5699, 'Laurie', 'Littel', 'Beerburgh', 'Gabon', '1988-09-26', 'Unde et veritatis fuga libero corrupti eum quae. Suscipit deserunt quia dignissimos voluptatem omnis. Ducimus sint nisi quos.', 'Cuban'),
(3425, 'Tyrell', 'Hansen', 'West Coleman', 'Mauritius', '1973-09-21', 'Exercitationem dignissimos nemo dolor. Recusandae aperiam voluptas harum necessitatibus. Sapiente aut iusto officia. Qui sed enim. Rem dolorem ut id ea.', 'Bulgarian'),
(5441, 'Ona', 'Cummerata', 'East Filomena', 'Albania', '1922-04-21', 'Deleniti illo quo sed molestias. Ea qui natus omnis sit. Exercitationem dicta rerum harum reprehenderit non sed. Et consequatur ut dolorem sit corporis aut. Et non esse non dolor ducimus tenetur adipisci.', 'Scottish'),
(4985, 'Mireya', 'Rolfson', 'East Jayce', 'Netherlands Antilles', '1944-10-06', 'Expedita at similique exercitationem qui. Voluptatum rerum ex dolores sit est deserunt quod. Nostrum distinctio et tenetur perspiciatis voluptates minima.', 'Cambodian'),
(5447, 'Annabel', 'Flatley', 'Hickleberg', 'Paraguay', '1988-11-19', 'Animi accusamus et pariatur voluptatibus minus consequatur sapiente. Voluptas eum enim deserunt. Doloribus sequi possimus ut expedita cupiditate rerum.', 'Moldovan'),
(5475, 'Stefan', 'Stracke', 'East Mose', 'Mozambique', '1951-10-10', 'Fugiat sint blanditiis molestiae quaerat rerum id. Dolorum incidunt dolorum odit sunt libero totam. Eos in deleniti et enim iusto earum tenetur. Saepe molestiae ad minima aut in consequatur. Expedita et nulla eius nihil ex consequatur.', 'Kittian and Nevisian'),
(7731, 'Stephanie', 'Swaniawski', 'North Llewellynhaven', 'Niger', '1927-07-08', 'Qui eaque sunt mollitia dolorem qui quibusdam. Esse maiores quidem quaerat dolorem et temporibus. Sint quaerat quae nisi quos.', 'Spanish'),
(3625, 'Kaia', 'O''Kon', 'East Okeybury', 'Guadeloupe', '1949-10-08', 'Culpa sed adipisci inventore corporis odit id. A culpa atque voluptates facilis culpa provident in. Optio inventore et sunt facere ut ut.', 'Lithuanian'),
(4918, 'Libbie', 'Feil', 'Lake Agustinaberg', 'Guadeloupe', '1982-08-01', 'Aut rerum pariatur qui qui excepturi dolore. Sed ut mollitia ea in blanditiis. At quo aperiam beatae sunt molestiae.', 'Mongolian'),
(7408, 'Furman', 'Barton', 'West Jamil', 'Anguilla', '1935-10-10', 'Dolor iure modi aut. Nesciunt sapiente facere corporis et maxime. Quia minima maiores consequuntur sit.', 'Icelander'),
(8706, 'Clarissa', 'Hodkiewicz', 'West Robin', 'Armenia', '1995-03-24', 'Voluptatem asperiores quia nisi. Sed ipsa quidem et numquam deserunt officiis doloremque. Adipisci sint est ut quia sint ipsum. Laudantium expedita repellendus impedit ut illo.', 'Central African'),
(4527, 'Tatyana', 'Bruen', 'Kasandrahaven', 'Northern Mariana Islands', '1928-06-09', 'Mollitia qui voluptatem necessitatibus at dolorem dolorem. Dicta quidem laborum voluptatibus omnis. Aperiam debitis porro minima maxime et animi expedita. Dolore omnis praesentium sunt laudantium. Provident consectetur tenetur animi non temporibus.', 'Icelander'),
(3605, 'Zechariah', 'Hand', 'Jacobsonmouth', 'Indonesia', '1953-04-22', 'Quasi quia facilis et. Necessitatibus distinctio voluptas amet temporibus nihil. Consequuntur esse voluptate ut distinctio.', 'Irish'),
(3008, 'Jordi', 'Turner', 'Port Corbinburgh', 'Montenegro', '1966-03-14', 'Quae adipisci dolores quos libero sit consectetur aperiam. Et voluptatum voluptatum nihil ipsum. Molestiae vitae consequatur quisquam. A non sit placeat voluptas voluptatum explicabo ad. Quia delectus deserunt mollitia aut sint sint et.', 'Ukrainian'),
(2450, 'Sebastian', 'Nader', 'East Jeanie', 'Micronesia', '1923-08-26', 'Ipsum incidunt a vel natus ullam voluptatum fugiat. Quod facilis commodi. Adipisci et beatae blanditiis qui sed.', 'Cambodian'),
(9667, 'Annie', 'Lubowitz', 'Javontehaven', 'France', '1949-06-22', 'Totam exercitationem eius perspiciatis ut at delectus. Fugiat veritatis natus temporibus nisi. Aut amet reiciendis repudiandae ullam. Similique animi quasi ut doloribus aut. Qui earum error voluptas aut placeat dolor corrupti.', 'Andorran'),
(4310, 'Jazmyn', 'Greenholt', 'South Nathanael', 'Ecuador', '1989-10-12', 'Et architecto quis facilis nam veritatis sapiente iste. Minus sapiente eligendi aliquam nihil expedita ipsam. Est officiis beatae nulla officia dolore dolorum. Atque eos est ut temporibus debitis qui. Voluptatem omnis perspiciatis quasi.', 'Mexican'),
(8463, 'Mina', 'Kessler', 'North Jacynthe', 'Sao Tome and Principe', '1971-03-12', 'Nisi minima modi dolores explicabo. Molestias aperiam quia officia corporis iusto sequi ea. Dolor voluptate id rerum nostrum iure at. Molestiae unde facere optio nobis quam autem.', 'Irish'),
(4714, 'Taryn', 'Dibbert', 'Beaulahside', 'Turkey', '1926-10-29', 'Esse sit eius quas earum. Quae quasi eligendi reiciendis debitis. Eius eligendi vitae consequatur sed est et tenetur. Enim aspernatur eaque quis.', 'New Zealander'),
(3900, 'Daryl', 'Kirlin', 'Murrayton', 'Gabon', '1946-05-02', 'Aut sit et quibusdam et. Quas fugiat labore perspiciatis ex labore natus. Rerum sunt alias non error est et aut. Minus nihil quo veniam et sit. Aspernatur iste a recusandae ea.', 'Maldivan'),
(5371, 'Garnet', 'Mann', 'Beahanmouth', 'Guinea-Bissau', '1992-04-18', 'Aut suscipit ea ea perspiciatis. Maxime culpa rerum et. Aperiam voluptas aliquam. Sit nihil eius.', 'Mexican'),
(111, 'Harmony', 'Bayer', 'Kamilleburgh', 'Sri Lanka', '1949-11-09', 'Magnam autem ut non mollitia vitae. Rerum ea amet. Illo ullam est reprehenderit nesciunt esse rerum.', 'Namibian'),
(2038, 'Mallory', 'Senger', 'Port Kaylee', 'Bulgaria', '1961-07-10', 'Eos vitae est aut a. Odio sint sed sed aut dolorum perferendis officiis. Beatae mollitia dolore quis velit similique eos. Soluta voluptatem eum molestias eaque necessitatibus ea asperiores.', 'Dutch'),
(2024, 'Kraig', 'Dickens', 'Gislasonchester', 'Haiti', '1993-05-19', 'Aut dolor qui vel magni. Tempore et voluptatem eos quibusdam. Minus exercitationem est dolor qui et.', 'Indonesian'),
(1566, 'Logan', 'Kohler', 'North Lindsey', 'Germany', '1962-05-06', 'Accusamus quos culpa et. Est cum autem quasi inventore at. Non qui ea id autem molestias voluptatem voluptatem.', 'Spanish'),
(9361, 'Hilma', 'Hyatt', 'Mitchellfort', 'Moldova', '1988-05-04', 'Quia hic ab doloremque rerum. Est voluptatem eos beatae ipsam. Dignissimos qui facere aut hic. Dolores ea animi et qui quae quisquam repudiandae.', 'Cambodian'),
(6444, 'Eleonore', 'Nolan', 'Hermannton', 'Colombia', '1953-08-09', 'Et veniam velit illum velit officia. Sed minus placeat dicta ipsum quia exercitationem. Ab cumque officia saepe.', 'Albanian'),
(9899, 'Sabina', 'Keeling', 'Coyshire', 'Gibraltar', '1948-11-01', 'Quibusdam molestiae voluptatem. Aut magni inventore. Temporibus perspiciatis sed nihil sed veniam rem. Facilis dolor voluptas voluptas eaque.', 'Dutch'),
(3036, 'Sonia', 'Barton', 'Feeneymouth', 'Sudan', '1942-09-30', 'Cum aliquam praesentium asperiores quidem laudantium aliquid rem. Eum sit earum aut ab id necessitatibus. Ratione occaecati odit quibusdam iusto sit suscipit.', 'Slovenian'),
(4600, 'Griffin', 'Cassin', 'Itzelmouth', 'Zambia', '1963-09-02', 'Nihil sint dolorem unde. Unde numquam recusandae delectus inventore. Magni impedit repellat consequatur et aut. Illo esse repudiandae vitae consequatur commodi quas rerum.', 'Moldovan'),
(77, 'Ariane', 'Rogahn', 'West Belle', 'Bahrain', '1924-10-25', 'Corrupti qui atque commodi non temporibus aut quis. Dolor sint sint non. Commodi labore quod eaque itaque quia magnam. Qui ipsum assumenda exercitationem aut inventore. Qui aspernatur quisquam.', 'American'),
(8882, 'Pearl', 'DuBuque', 'Lake Tyrell', 'Germany', '1921-12-17', 'Provident illum dicta velit molestiae consectetur. Ut dolores qui aperiam velit eos eligendi minus. Voluptates quae cumque vero rerum in quos voluptatem. Maxime consequuntur architecto quibusdam. Omnis blanditiis nihil nesciunt velit consequatur delectus.', 'Polish'),
(9135, 'Holly', 'Swaniawski', 'Cassinland', 'British Indian Ocean Territory (Chagos Archipelago)', '1968-08-13', 'Ut iste et ratione culpa. Earum nam culpa tenetur illum placeat ipsum iste. Accusantium quam optio.', 'New Zealander'),
(2805, 'Lawrence', 'Raynor', 'Edwinmouth', 'Congo', '1930-03-25', 'Non sunt incidunt. Non non dolores dignissimos omnis explicabo. Rerum perferendis et ea reprehenderit distinctio officia.', 'Australian'),
(2373, 'Tyrese', 'Schumm', 'Alejandraton', 'Northern Mariana Islands', '1952-03-23', 'Molestiae consequatur beatae non nobis quidem ab quo. Laborum voluptas quam sunt tempora. Earum dolorem magni voluptatum. Culpa consequatur ratione laborum iure aspernatur.', 'Bulgarian');

insert into genre(genre_id, genre_name, genre_descr) values
(4978, 'Folklore', 'Quibusdam ducimus nisi aspernatur accusantium ut sunt amet. Qui animi et sapiente et odit repellendus. Velit dicta minima et esse. Quis autem temporibus. Ut non necessitatibus necessitatibus optio voluptatibus.'),
(1550, 'Mythology', 'Amet eum voluptatem natus molestiae enim. Quisquam dolorum reprehenderit cumque aut adipisci aut. Sint expedita quas minus quae illo. Deserunt repudiandae officia optio quaerat nemo dolores. Velit optio consequatur blanditiis qui voluptatum aspernatur.'),
(5267, 'Crime/Detective', 'Rerum tenetur in. In voluptatibus eos est ea in omnis pariatur. Quia corporis unde exercitationem repellendus.'),
(6118, 'Realistic fiction', 'Est fuga est saepe provident rem ut possimus. Consequatur architecto voluptas iste dolores. Ut et numquam et voluptate et. Est nemo numquam.'),
(8118, 'Speech', 'Provident impedit omnis deserunt ipsa nobis dolor quidem. Modi facere accusamus quae necessitatibus repellendus. Rerum fugiat velit autem reprehenderit aut.'),
(1506, 'Classic', 'Sunt et et distinctio. Expedita eum qui sunt fugiat enim dignissimos. Vitae in qui est esse amet. Quidem modi non ut sed.'),
(9817, 'Fiction in verse', 'Et at minus eos inventore velit hic. Et aut exercitationem nemo rerum dolore rem voluptatem. Maxime necessitatibus sed non et a debitis.'),
(145, 'Fantasy', 'Quidem corrupti est ex autem velit veniam. Qui atque dignissimos. Dolor corporis nobis quia itaque quae sequi. Quos necessitatibus qui quasi vel quia nihil nemo.'),
(563, 'Reference book', 'Non architecto quas rem magni sunt ad. Totam iste tenetur quae qui ipsa occaecati ipsum. Temporibus porro optio doloribus quia. Est eveniet odio iusto rerum quod.'),
(7767, 'Mystery', 'Beatae reprehenderit eius sapiente dolorum. Deleniti quae veniam ut incidunt est. At ut blanditiis odit voluptatum reiciendis. Dolorem nobis consequuntur iusto ullam.'),
(1462, 'Essay', 'Impedit impedit porro et nam tempora amet iusto. Labore unde non in quis est fuga. Repellat veniam sit est tempora quidem. Velit qui rerum in explicabo quia.'),
(9524, 'Mythopoeia', 'Nulla natus reiciendis dolor veniam cum. Et cumque id a harum et itaque. Numquam aut sunt. Inventore enim rerum deserunt quo quod quam dolore. Autem natus aut nobis.'),
(6684, 'Fiction narrative', 'Nesciunt consequatur asperiores. Iusto voluptas repellat. Corrupti repellat est esse quod ut. Voluptas ratione et totam illum nihil expedita.'),
(3770, 'Biography/Autobiography', 'Quia modi tempore voluptas. Nemo facilis qui sed et sint. Doloribus delectus non quia dolores vel illum animi. Ea laborum necessitatibus aut. Dolorum sed dolore quas facere.'),
(646, 'Fairy tale', 'Ipsa architecto ducimus fugit minima culpa qui. Voluptatem atque aliquam ipsa vero aut. Vitae beatae officiis et itaque delectus. Ea non sed corporis architecto ullam non.');

insert into book (book_id, book_name, book_language, book_descr, book_height, book_length, book_width, page_count, publication_year, author_id, genre_id) values
(788, 'Natus aut et', 'chinese', 'Accusantium dolore sint et incidunt rerum. Quis architecto cupiditate qui dolorem. Ea officia vero optio veritatis amet. Et harum dolorum et sed quis sit.', 32.1, 1.6, 28.8, 369, 2010, 7408, 646),
(2906, 'Dolores dicta sapiente', 'arabic', 'Ut sunt adipisci. Ab sed exercitationem ea aut enim. Est eum omnis qui aliquam recusandae.', 31.8, 3.5, 24.9, 681, 1978, 4527, 5267),
(3757, 'Est molestias facilis', 'french', 'Aspernatur velit sit dolor sed iusto. Possimus rerum officiis quia iure eaque esse aut. Quia possimus dolor omnis et aspernatur.', 23.3, 4.1, 30.0, 499, 1982, 3008, 5267),
(9681, 'Rerum adipisci eligendi', 'portuguese', 'Et facere possimus est quisquam mollitia exercitationem. Quasi voluptatem blanditiis aliquam ullam. Beatae quasi et vel esse. Qui explicabo quia saepe commodi fugiat fugit perspiciatis.', 15.4, 1.4, 9.3, 836, 2014, 2024, 6684),
(3733, 'Debitis nobis quia', 'french', 'Fugiat ipsa provident id voluptatibus nemo vel fugiat. Atque vero consequuntur. Porro aut cupiditate consequuntur. Doloribus suscipit iste asperiores doloribus repudiandae enim dolore.', 27.7, 1.7, 32.7, 886, 1987, 8077, 3770),
(1753, 'Et deleniti assumenda sed', 'chinese', 'Et non facilis eaque. Sint labore eos tempora illum quaerat. Quo sit magni.', 34.5, 2.4, 12.7, 360, 1971, 5833, 3770),
(6714, 'Quo perferendis incidunt', 'arabic', 'Est earum voluptates laboriosam. Qui qui a laborum recusandae autem. Vitae molestiae illum. Rerum laborum hic perspiciatis. Ratione enim sed ut qui non dolorem.', 15.7, 1.8, 24.2, 513, 2001, 2373, 9524),
(7833, 'Enim cupiditate non', 'french', 'Nihil debitis et nihil quis totam numquam laudantium. Unde consequatur magni libero. Sit atque consequuntur voluptates.', 14.3, 1.4, 6.2, 304, 1975, 2805, 9817),
(5741, 'Vel sint distinctio harum', 'russian', 'Cum laborum ut et esse. Autem libero eos voluptatem voluptatem molestias omnis velit. Aut rerum neque iusto. Unde qui est cumque. Odit nobis esse in cumque mollitia in nesciunt.', 33.4, 1.6, 32.9, 722, 1992, 4918, 1506),
(9550, 'Voluptatum quia sint', 'urdu', 'Et mollitia natus et id. Architecto quia qui occaecati fuga. Maiores ut beatae. Omnis assumenda in sunt labore porro possimus. Vel temporibus aut voluptatem perferendis dolores sit animi.', 5.6, 2.9, 28.6, 918, 1977, 2450, 9524),
(9557, 'Sit voluptatum harum', 'chinese', 'Deserunt harum qui. Aspernatur itaque doloremque enim voluptas autem sit. Ullam repudiandae vel sint qui nobis commodi enim. Non deserunt totam labore quia. Laboriosam esse asperiores velit autem et.', 31.9, 2.2, 21.1, 54, 2004, 77, 4978),
(4951, 'Itaque sint mollitia est', 'portuguese', 'Sed voluptas illum voluptas maxime ducimus quos vel. Eum deserunt consequatur sed. Voluptas ea minima consectetur adipisci aspernatur ea repudiandae. Libero et cum. Repellat modi accusantium exercitationem.', 13.9, 3.4, 8.9, 818, 2002, 2024, 646),
(4620, 'Eligendi aut nostrum mollitia', 'belorussian', 'Rem expedita explicabo voluptas. Aut numquam tenetur aspernatur aut ducimus. Eius quia magni architecto. Harum quaerat quia vel.', 7.2, 3.4, 5.2, 625, 2009, 5607, 8118),
(551, 'Error consequuntur quia voluptas', 'croatian', 'Porro aut sit. Non aut eos unde. Animi quis quia quisquam. Non molestias exercitationem quo.', 25.1, 3.0, 28.8, 117, 1992, 7731, 5267),
(456, 'Veritatis corporis dolores', 'ukrainian', 'Aut pariatur sunt dolorem est a neque voluptates. Perspiciatis non rerum quo ut esse quo eveniet. Voluptas maiores quod et. Adipisci rerum quo nihil repudiandae animi eum quis. Suscipit voluptatem cumque voluptas praesentium.', 26.8, 4.0, 23.3, 425, 2014, 6463, 145),
(4719, 'Illum repudiandae accusamus', 'armenian', 'Voluptatum necessitatibus velit qui enim accusantium facere repellendus. Exercitationem ea repellat sit esse. Occaecati consequatur itaque id porro consequatur adipisci optio.', 26.0, 1.2, 7.6, 962, 2007, 9135, 646),
(9877, 'Quam voluptatem modi eius', 'english', 'Fugiat et minima accusantium voluptatum qui. Aperiam occaecati veniam expedita aliquam est ea nihil. Accusantium dolores veniam expedita. Enim nihil hic.', 26.5, 3.8, 27.8, 853, 1995, 4985, 145),
(2243, 'Molestiae libero quia', 'chinese', 'Aspernatur porro provident deserunt earum laboriosam. Totam est placeat consequatur. Rerum accusantium eius velit consequatur quis. Minima odio nobis.', 6.5, 3.4, 28.2, 217, 1974, 2805, 7767),
(596, 'Facere id quia', 'french', 'Incidunt rerum inventore ea quos id tenetur dignissimos. Ea ut officiis eum eos. Ducimus aut id sed.', 30.7, 4.1, 31.4, 603, 1979, 2232, 646),
(2270, 'Eos consequuntur aut vitae', 'german', 'Similique dolores laborum ut est et id tempora. Dolorem beatae explicabo qui accusantium omnis. Sit sunt adipisci quo eligendi temporibus.', 10.7, 3.0, 27.4, 348, 2005, 9899, 4978),
(8212, 'Ipsam molestiae et voluptatem', 'arabic', 'Commodi id magnam sit. Ea ullam et ut. Rerum est veritatis omnis quasi rerum est pariatur.', 9.8, 3.4, 31.8, 936, 1983, 1566, 5267),
(4486, 'Corporis sit non', 'russian', 'Corrupti ratione velit dolore. Quia ut consequatur numquam. Non sit consequatur tenetur. Delectus ut sunt est et. Neque sapiente fugiat impedit alias et quia.', 9.2, 3.5, 22.6, 873, 1989, 2373, 3770),
(8576, 'Nemo aut amet', 'croatian', 'Quam unde atque aut aut laboriosam et. Non ratione et consectetur dicta ad. Vitae totam nostrum suscipit beatae. Officia alias veritatis ad voluptas.', 13.4, 4.2, 16.2, 553, 1977, 1566, 6118),
(418, 'Molestiae delectus officia officiis', 'armenian', 'Necessitatibus id nobis dolor. Fuga consequatur minus minima qui aliquam quaerat molestiae. Rerum possimus suscipit consequatur velit.', 24.5, 2.9, 25.0, 82, 1987, 2450, 145),
(1278, 'Adipisci perferendis soluta', 'polish', 'Dolorem sed distinctio est dicta. Molestias repudiandae quam dolor ab similique in. Excepturi libero ipsam. Nihil rerum autem autem dolorem animi quia. Officia voluptatum odit vel eligendi ea recusandae nostrum.', 23.4, 4.4, 17.3, 704, 2014, 3008, 6118),
(7383, 'Et sit cumque', 'spanish', 'Perspiciatis enim autem quasi. Est nobis optio similique. Quam ut quia saepe voluptatem et consequuntur qui. Illum ipsam molestias delectus et expedita minima voluptate.', 32.5, 3.7, 7.2, 818, 2014, 7408, 5267),
(7501, 'Vero eius sint', 'farsi', 'Incidunt nulla eos laboriosam asperiores ea. Tempore aut voluptatem. Minima vel repellat repellendus.', 13.1, 4.6, 10.6, 744, 1999, 2696, 646),
(9558, 'Quia fugiat dicta', 'polish', 'Qui repellendus vel necessitatibus ut sunt ut. Rem aut dolor quidem saepe. Laboriosam cum incidunt ex delectus. Architecto deleniti fugiat architecto. Quisquam ex omnis dicta cumque nam.', 7.1, 2.0, 12.4, 328, 1970, 8706, 4978),
(8246, 'Ipsam qui repellat', 'portuguese', 'Consequatur voluptatem eum. Voluptates nostrum ut incidunt sapiente culpa qui qui. Voluptates aut nostrum iure.', 23.4, 4.8, 32.1, 108, 1989, 1965, 9524),
(1260, 'Provident molestias exercitationem numquam', 'french', 'Asperiores consequatur et dolorum et animi sint dolore. Consequatur et qui vero consequatur. Et ducimus dolorem quidem. Quo id doloremque. Culpa a odit corporis veniam qui.', 26.6, 4.1, 34.4, 905, 2017, 8882, 145),
(6672, 'Aut ut quibusdam dolores', 'belorussian', 'Possimus dolorem odit aliquam rerum. Minima pariatur nihil molestias libero voluptas. Nesciunt cumque omnis optio aut.', 33.8, 3.3, 11.8, 412, 1990, 4600, 1462),
(718, 'Quam aliquid tempore saepe', 'farsi', 'Veritatis quasi eius nulla reiciendis omnis. Porro sed praesentium. Itaque dolorum ab voluptas autem sed alias nisi. Quia explicabo laboriosam ut provident.', 32.3, 2.2, 15.3, 318, 1990, 5833, 563),
(5105, 'Qui officiis dolores doloremque', 'spanish', 'Et rerum facere doloremque saepe enim incidunt dicta. Enim quibusdam sapiente necessitatibus consequuntur molestiae nesciunt. Totam sed molestiae.', 33.6, 2.6, 25.8, 395, 1995, 4527, 1462),
(4227, 'Sunt laborum consequatur blanditiis', 'english', 'Nemo facere ipsam. Illo id sed. Optio voluptatem animi voluptates ut.', 6.2, 4.0, 6.8, 408, 1998, 2373, 1506),
(8449, 'Ad aut atque', 'belorussian', 'Voluptas quidem qui aut vel est reiciendis voluptatibus. Dolor nesciunt magnam ipsam nihil rerum. Quis repellat impedit hic aut sint delectus nihil.', 21.4, 2.8, 34.0, 444, 1970, 8152, 8118),
(4255, 'Et ea amet', 'portuguese', 'Corrupti iste sed dolores. Quam ad nulla impedit. Voluptas asperiores architecto.', 5.9, 2.8, 21.4, 16, 2015, 6444, 646),
(3551, 'Omnis non corrupti', 'belorussian', 'Explicabo vel aut. Ut quisquam id iusto harum aut non at. Reprehenderit qui autem. Ipsum velit sapiente quia quia non officia.', 15.2, 1.0, 31.9, 745, 2007, 9899, 563),
(3488, 'Illum velit non ad', 'urdu', 'Qui recusandae enim in dignissimos minima. Aut enim amet. Est natus non pariatur. Iure exercitationem voluptate aut. Est voluptatibus placeat et consequatur iusto.', 28.5, 4.9, 23.2, 271, 1983, 5699, 8118),
(4062, 'Odit magnam explicabo et', 'ukrainian', 'Quibusdam sint molestiae earum dolorum. Dolores dolore dolorum eveniet rerum natus dolor a. Quo nisi vel.', 5.7, 3.3, 11.5, 943, 2001, 2450, 4978),
(3559, 'Sunt aliquam sint', 'urdu', 'Optio accusantium quo dolore illo quo minima. Consequatur temporibus aliquid dignissimos nihil et consequatur ipsum. Quo distinctio quisquam maxime laborum.', 22.3, 1.2, 13.0, 131, 2001, 8882, 1506),
(4286, 'Dicta dolor vitae', 'chinese', 'Sint dolores et. Numquam quasi et dolor qui. Debitis voluptatem et accusamus in. Enim sunt consectetur aliquid laborum tempora. Nihil impedit qui est sint qui saepe et.', 28.2, 2.1, 6.3, 80, 1995, 1566, 646),
(3294, 'Eligendi nostrum veniam', 'armenian', 'Ut non facilis expedita molestias culpa. Quam id ipsum et ea reiciendis consequatur autem. Quasi nulla facere animi laborum. Aliquid et aperiam dolor dolor. Qui ut cum ex eius numquam sit.', 9.5, 3.3, 28.1, 969, 2003, 8882, 9817),
(3960, 'Enim earum vero minus', 'croatian', 'Est qui praesentium possimus. Aspernatur corrupti vel ea et corporis. Suscipit asperiores repellendus facilis eos sit odio rerum. Et quia dolor culpa reprehenderit.', 23.5, 3.2, 17.4, 539, 1971, 8463, 5267),
(1202, 'Ipsam numquam illo', 'english', 'Corrupti labore incidunt quibusdam accusamus quae voluptatem. Quisquam corrupti ratione ut eos occaecati. Facere ut illo nemo consequuntur quo explicabo voluptas.', 26.6, 1.3, 26.7, 916, 1981, 7731, 6118),
(7410, 'Quia nostrum ipsa', 'portuguese', 'Molestiae est accusamus. Optio consequatur placeat officia labore. Quos nemo aperiam animi. Velit quidem inventore. Vel saepe sed quia doloribus velit autem.', 13.6, 2.9, 30.8, 54, 1976, 1965, 3770),
(8852, 'Quasi harum esse', 'urdu', 'Voluptas culpa est excepturi. Ut enim molestiae aliquam quia tenetur. Quia sed sunt. Quasi dolores voluptatem sed aut qui.', 30.1, 3.0, 9.1, 154, 1996, 4310, 9817),
(4842, 'Voluptate omnis sed cupiditate', 'portuguese', 'Dolorem eum aut iure. Dolor est magni omnis commodi aut et. Sequi optio qui et accusantium. Quis et necessitatibus dolor soluta occaecati.', 16.2, 1.9, 13.3, 727, 1987, 4985, 1462),
(120, 'Porro quis sed eum', 'spanish', 'Vitae repudiandae maxime atque nulla exercitationem aut. Ex aut saepe officiis repellendus occaecati voluptas minima. Est laboriosam officiis illo rerum eos laborum aut. Illum libero dolorem alias. Et nihil velit quo delectus sunt molestias.', 9.9, 2.4, 28.1, 817, 1994, 1446, 1506),
(3675, 'Tenetur culpa maiores qui', 'belorussian', 'Voluptatem consectetur minus consequatur ab adipisci voluptas voluptatem. Eos voluptate qui illum at cum. Dolor est tempore commodi. Dolores voluptates ad dolor sunt.', 34.4, 2.2, 27.4, 834, 1973, 7496, 9524),
(6970, 'Aut omnis voluptate inventore', 'chinese', 'Sed nam aut sapiente et animi quia aut. Nisi sint officiis non est vero. Debitis non cupiditate neque aliquid rerum.', 32.3, 2.0, 13.0, 875, 1992, 5699, 8118),
(3315, 'Sequi quaerat ea', 'portuguese', 'Harum recusandae sint provident occaecati voluptas. Eum sunt quis perspiciatis voluptas non. Porro rerum ut porro beatae sint. Quod suscipit modi. Et nesciunt ut.', 19.7, 4.3, 21.1, 729, 1974, 77, 1550),
(6147, 'Corrupti quisquam similique', 'german', 'Consequatur et rerum commodi magnam exercitationem. Tempora impedit aut autem ea molestiae et illo. Dignissimos deleniti hic aut quidem deserunt aut sit. Sit minima quae molestias dolores dolorem. Laudantium doloribus fugiat adipisci repellendus.', 26.1, 2.0, 8.0, 145, 2011, 5607, 1462),
(9642, 'Et magni quisquam', 'russian', 'Similique distinctio sunt dolorum. Quam corporis voluptatem. Repellendus voluptas ducimus sit animi esse reiciendis expedita. Deserunt vero autem quis eum. Sapiente veniam alias natus omnis incidunt quos.', 17.3, 1.7, 14.2, 851, 2005, 7731, 5267),
(7461, 'Eligendi vero ut', 'arabic', 'Labore modi alias tenetur. Omnis animi qui autem et similique laudantium. Quis dolorem nesciunt. Sed sint consequatur provident et consectetur.', 8.3, 3.8, 25.7, 320, 1986, 2805, 1462),
(4659, 'Et molestiae rerum sed', 'spanish', 'Quidem est illo repellat nemo fugiat. Quam nihil et praesentium corrupti sapiente. Dolorem excepturi ipsam. Sed maiores magnam voluptatem ut. Id qui nesciunt quos.', 12.7, 2.2, 22.4, 402, 1990, 9667, 3770),
(5935, 'Quidem doloremque harum', 'farsi', 'Est sapiente veniam qui sunt soluta similique saepe. Vitae odit sunt nulla aliquam. Quam quod asperiores enim enim dignissimos qui earum. Quas in et pariatur. Sequi cum ad fugit autem sit velit.', 8.4, 4.2, 25.6, 930, 2017, 2024, 9524),
(4458, 'Unde quia molestias omnis', 'croatian', 'Molestias vel ut. Architecto aperiam tenetur quaerat quae temporibus sint aut. At aspernatur commodi voluptas voluptatem ratione. Neque incidunt ut architecto dolorem dolore laudantium numquam. Dicta inventore expedita earum eos quo aliquam eligendi.', 7.6, 1.5, 24.4, 573, 1996, 4714, 646),
(4756, 'Id aut voluptatem', 'urdu', 'Veritatis laudantium et atque iure blanditiis. Debitis ducimus repellat quasi. Explicabo non eos voluptatem voluptate.', 5.4, 4.4, 31.1, 301, 1994, 3900, 9524),
(8208, 'Non iure cupiditate excepturi', 'ukrainian', 'Et est quidem sapiente voluptates. Reiciendis autem voluptas dolorum saepe sit quae iusto. Culpa unde velit voluptatem quidem eligendi aliquam consequuntur. Quia cupiditate recusandae sequi.', 5.9, 2.4, 23.2, 610, 2009, 9667, 9817),
(1097, 'Suscipit sit eos et', 'farsi', 'Et dolor enim quam. Unde asperiores nobis voluptatibus aspernatur dolores voluptatem. Quia voluptas laboriosam reprehenderit sed. Quis ipsa amet ipsum iure perferendis ut. Dolorem facilis reiciendis suscipit.', 17.9, 1.6, 18.3, 209, 1981, 111, 7767),
(1241, 'Sunt rerum adipisci', 'chinese', 'Iste tempore optio ipsum. Vel ut et. Sit est est est qui.', 18.1, 4.8, 6.9, 667, 1991, 4527, 563),
(897, 'Voluptates vitae voluptates aliquam', 'spanish', 'Accusamus saepe voluptas ratione sit voluptatum magnam. Occaecati eos quia est voluptate et. Labore alias sed similique cupiditate. Dolorem iusto animi ducimus atque soluta.', 8.5, 3.7, 12.2, 487, 1982, 2373, 563),
(9365, 'Odio ut ullam', 'french', 'Maxime aut assumenda aut occaecati nemo dolorem iure. Eum quod ab et. Nisi minima aliquid accusantium vitae expedita officia consequatur. Maxime assumenda et culpa corrupti soluta. Hic dolor illum sed velit necessitatibus quasi est.', 26.7, 2.2, 5.1, 453, 2007, 9135, 4978),
(9298, 'Nihil illo illo cumque', 'croatian', 'Cupiditate hic numquam commodi. Et molestiae doloremque architecto. Assumenda autem libero. Nostrum repellat quam perferendis. Incidunt inventore aperiam quaerat at minus quo.', 19.5, 3.7, 31.5, 446, 2014, 8706, 1506),
(6843, 'Non beatae voluptate ut', 'urdu', 'Velit vel velit. At iste consequatur soluta voluptatibus. Harum libero dolore. Hic autem voluptate ut. Et explicabo quia dicta nulla.', 34.2, 1.4, 20.5, 852, 1982, 8077, 1550),
(207, 'Distinctio odio est', 'russian', 'Debitis non unde tempora ut. Quasi voluptate quis. Nemo illo corrupti suscipit aliquid est. Iure consequatur dolorum quis necessitatibus porro. Vitae sequi itaque.', 19.9, 3.6, 24.0, 48, 1975, 1446, 6118),
(4414, 'Voluptatibus quis consequuntur', 'chinese', 'Id illo minus iste et mollitia laboriosam a. Expedita id sit et consequatur aut qui dolores. Consequatur tenetur odit provident laborum dolorem aut. Dolor suscipit aut quisquam laboriosam tenetur omnis. Molestiae facere voluptates itaque pariatur consectetur dolorem quam.', 5.8, 4.6, 12.6, 543, 1997, 111, 7767),
(8969, 'Fuga esse et', 'spanish', 'Voluptatibus tenetur ut sed vel et. Vel eveniet nisi soluta possimus a fuga ex. Eos qui nulla consequatur.', 25.1, 1.4, 32.2, 259, 1980, 2084, 145),
(1732, 'Voluptatem quaerat numquam soluta', 'arabic', 'Rerum ipsa architecto voluptas pariatur. Ullam perferendis voluptate sed quia. Adipisci dolore porro adipisci id minima aliquid. Dolore culpa et quos et.', 12.9, 4.9, 14.6, 702, 2003, 4310, 1550),
(8062, 'Itaque est maxime', 'farsi', 'Amet sed fuga vitae atque in sed autem. Quo alias ipsum. Voluptate laborum quam qui.', 24.2, 4.0, 16.5, 487, 1978, 1446, 6684),
(1793, 'Et fugit atque fuga', 'arabic', 'At provident veritatis laboriosam saepe quia. Quia quod minima ratione in. Qui autem atque inventore sed non quia corporis. Voluptates error mollitia iure. Explicabo ut tempore quos deleniti ratione.', 30.5, 2.7, 31.8, 894, 1973, 1965, 145),
(4794, 'Ad voluptatem sequi', 'chinese', 'Fuga consequuntur alias. Ab facilis quae. Repellendus et ullam porro dolorem quis minima et. Sit eum totam enim in est nam.', 33.1, 1.1, 31.4, 203, 1998, 4985, 3770),
(6413, 'Et quo quos aut', 'french', 'Voluptas accusantium rem neque dolorem cumque. Ut consequatur qui eligendi aliquam nostrum deleniti saepe. Voluptas est quibusdam repellat. Et delectus fugit modi. Aut voluptate eaque animi sunt voluptates voluptatem sint.', 18.5, 3.2, 31.9, 423, 2005, 7408, 145),
(9386, 'Quia architecto culpa', 'russian', 'Aliquid voluptatem magnam ratione dignissimos id. Beatae quidem ex ducimus. Voluptate et tempora odio qui. Accusantium ea officia consectetur qui repellat distinctio nulla. Molestias et occaecati dignissimos minus iusto aperiam assumenda.', 20.6, 2.9, 27.2, 774, 2003, 9667, 1462),
(7619, 'Ea commodi animi eligendi', 'polish', 'Consectetur totam magnam. Aut sit ad officia. Alias maiores velit laborum accusamus nihil.', 25.2, 2.6, 33.5, 442, 1976, 2696, 3770),
(2885, 'Autem qui sunt', 'farsi', 'Non est aliquid. Repellendus ipsam nulla sed. Consectetur ut quae aspernatur. Nobis ipsam harum exercitationem et.', 32.4, 1.5, 34.1, 293, 1983, 1566, 4978),
(215, 'Quasi consectetur libero', 'german', 'Autem quo qui exercitationem. Cum quia et fugit aliquid ad. Possimus corrupti non. Aut praesentium delectus nam ipsum accusamus sint.', 25.6, 4.5, 29.3, 537, 1981, 8463, 646),
(7329, 'Consequuntur consequatur et', 'armenian', 'Atque illo eum vero qui. Recusandae quis qui est illum distinctio non dicta. Perferendis dolorum impedit occaecati. Recusandae omnis pariatur rerum perferendis. Laboriosam qui sed.', 27.9, 2.8, 28.6, 228, 1997, 5447, 4978),
(9301, 'Eligendi est dolor magni', 'urdu', 'Dolores rerum ut libero veniam labore consequatur debitis. Aperiam qui iusto quos sed et debitis. Officiis maiores ea non mollitia qui. Ea dignissimos in tempora ut assumenda fugiat. Possimus voluptatum molestiae aut aut id aut.', 18.7, 2.1, 15.2, 385, 1971, 1965, 6684),
(9042, 'Harum omnis alias quas', 'urdu', 'Eos aut tempore quae quae tempore. Amet est ipsum aperiam et. Enim magnam fugit. Tempora ut architecto perferendis impedit dolores dignissimos. Vel maiores distinctio odio omnis.', 11.4, 4.4, 17.5, 733, 1994, 2450, 6118),
(588, 'Ut fugiat voluptates', 'arabic', 'Et eligendi corrupti nobis sed quia magnam. Assumenda voluptatem est modi at velit quod adipisci. Iure voluptate in consequatur a culpa temporibus.', 10.3, 1.4, 12.2, 252, 1988, 3425, 1462),
(8778, 'Culpa qui molestiae numquam', 'polish', 'Non non ab modi sit rerum aspernatur quos. Eius et sed molestiae velit. Sint fugiat ut provident culpa. Quidem et et assumenda voluptates.', 15.5, 3.8, 22.7, 419, 2005, 5475, 1462),
(8251, 'Rerum dicta quia', 'farsi', 'Numquam adipisci et ut. Dolore voluptatem et ad reprehenderit in quas. Hic aut quia voluptatum voluptate. Nostrum dolor et maxime quia dignissimos ut. Esse aliquam qui laboriosam.', 6.9, 4.0, 16.5, 514, 1986, 7408, 8118),
(9553, 'Ut et fugit', 'german', 'Quam magni necessitatibus quos consequuntur provident magnam optio. Tempora qui quibusdam. Ut qui veritatis nobis consequuntur id. Est dolores delectus eligendi vitae et necessitatibus. Dignissimos amet eum autem veniam est consequatur illo.', 22.2, 3.4, 6.7, 844, 2012, 4600, 9817),
(206, 'Vero impedit cupiditate quod', 'spanish', 'Explicabo architecto ut iste. Ut nostrum odio saepe. Nam ullam ullam quasi. Vel reprehenderit vero quas maiores dolore quibusdam excepturi.', 10.1, 4.5, 17.1, 397, 1992, 2696, 1462),
(4146, 'Vero veritatis unde ut', 'polish', 'Voluptatem autem quas aperiam eius. Possimus voluptatem et. Quia quidem sint repellendus consequatur fugit.', 21.1, 4.5, 10.7, 690, 2015, 3425, 8118),
(8955, 'Nostrum accusamus cupiditate nihil', 'urdu', 'Id praesentium officiis omnis culpa temporibus ut. Perferendis ducimus fuga. Nisi ipsa aut quia soluta tenetur ut. Ratione tenetur omnis eaque minus inventore voluptatem.', 24.7, 1.3, 25.6, 886, 1983, 2450, 1506),
(8649, 'Quo et atque est', 'french', 'Occaecati et voluptatibus libero et pariatur sapiente. Recusandae deleniti enim qui atque. Numquam quidem repudiandae inventore soluta ipsa sunt.', 8.1, 1.4, 23.4, 216, 2003, 5833, 9817),
(6979, 'Nisi rem dolores', 'urdu', 'Ut quos reiciendis ipsam ipsum labore fugiat. Inventore quia cumque doloremque tenetur consequatur. Tempora dolores impedit suscipit dolor nam dolores ullam.', 16.7, 3.2, 11.9, 533, 2010, 5447, 9817),
(4396, 'Est modi quos', 'polish', 'Earum eum voluptatem. Sit omnis dignissimos qui facilis. Officia doloribus sint.', 21.1, 5.0, 24.0, 352, 1996, 8882, 8118),
(5109, 'Aut est exercitationem', 'spanish', 'Repellendus asperiores sit non nemo. Id necessitatibus dolorum adipisci. Et id ullam nam.', 10.7, 2.0, 8.2, 253, 1991, 4527, 6684),
(4258, 'Tenetur cum id', 'chinese', 'Iure quis ipsam eveniet. Voluptatem est autem ut architecto magnam dolorem. Quia nisi minima natus ut.', 19.1, 4.5, 11.7, 86, 2002, 2696, 7767),
(3894, 'Rerum iste et dolor', 'german', 'Quo ipsam aut et ut delectus est nam. Aliquid aut qui. Nulla ut dolorem aut officiis. Distinctio ut alias dolores totam voluptatem ut. Similique voluptas incidunt et dolor.', 14.0, 1.2, 10.1, 913, 2015, 7496, 9524),
(6107, 'Quisquam debitis nisi', 'croatian', 'Nesciunt doloremque hic tempora et in sequi. Et veritatis reiciendis occaecati eveniet ea saepe dolore. Voluptates amet rerum nobis sed iure tempora. Tenetur sequi eveniet. Ab voluptatibus quae animi eos.', 27.2, 3.3, 20.3, 802, 2006, 2696, 563),
(5759, 'Itaque dolorem libero veniam', 'arabic', 'Et voluptate rerum at. Et minima incidunt id. Est officia quia at autem excepturi quidem et.', 31.9, 2.0, 18.0, 331, 1979, 4918, 563),
(5242, 'Iure quia quaerat incidunt', 'arabic', 'Ab velit voluptatem enim id veritatis nulla eaque. A error amet nihil maiores nulla. Eos fugit ut dolorum commodi quia. Optio reprehenderit reiciendis sit. Sit odit blanditiis unde enim quas quae.', 29.0, 2.2, 6.8, 213, 1976, 8152, 5267),
(3400, 'Recusandae velit autem pariatur', 'russian', 'Voluptatem accusamus cupiditate vitae harum deserunt aliquid iste. Vero velit repellendus fugiat ut hic magnam. Suscipit rerum velit excepturi officia.', 10.9, 3.3, 6.9, 895, 1985, 3036, 1462),
(4059, 'Tempora nam repellendus', 'ukrainian', 'Ipsum ut voluptatem quasi nisi praesentium vitae consequatur. Et exercitationem esse incidunt voluptates autem in eos. Ad facilis delectus et iusto. Exercitationem sunt ut ab pariatur similique fugit maxime.', 7.0, 1.5, 5.8, 830, 2017, 2038, 6118),
(6954, 'Voluptas voluptatum dicta optio', 'arabic', 'Repellat eos consequatur repellat velit velit hic deserunt. Iusto accusamus qui adipisci neque vitae. Repellat commodi dolorem numquam. Nostrum beatae cum quam voluptas adipisci ut et.', 13.9, 4.2, 31.3, 533, 1976, 723, 563),
(3797, 'Beatae itaque maiores', 'ukrainian', 'Nostrum quia est quisquam esse voluptate commodi. Qui aut suscipit. Velit reprehenderit architecto sunt veritatis dignissimos dicta.', 33.1, 4.2, 29.2, 702, 1977, 5371, 9524),
(885, 'Molestiae soluta nobis', 'armenian', 'Qui et ut omnis excepturi. Occaecati voluptas in blanditiis atque. Non ipsum itaque veniam at quaerat numquam. Quibusdam itaque incidunt perferendis voluptatem inventore impedit.', 23.8, 1.1, 7.6, 710, 1999, 2696, 1550),
(4117, 'Et dolore odit aut', 'belorussian', 'Provident omnis corporis quos occaecati vel sunt iure. Id cum aut ut. Sunt autem ipsam deserunt aut reprehenderit nihil. Placeat illum non natus blanditiis. Fuga beatae maxime.', 13.1, 1.7, 6.2, 317, 1971, 4985, 1550),
(6548, 'Eum velit iste dolorum', 'arabic', 'Vel deserunt nesciunt dolores iure. Temporibus incidunt soluta maiores atque. Vero quia ut qui ad natus dolorem. Libero vel vero et sed exercitationem sint.', 15.7, 1.1, 33.2, 814, 1975, 2232, 1462),
(300, 'Sunt harum sed', 'spanish', 'Explicabo quam unde asperiores. Sunt iste rem consequatur. Pariatur ea quos aliquam. Pariatur maxime nulla cumque veritatis amet ad.', 9.0, 2.4, 16.1, 378, 2018, 3625, 9524),
(5576, 'Est iusto similique cumque', 'english', 'Sunt eum quia. Cumque qui neque laudantium sunt omnis et. In et et commodi doloribus doloremque.', 29.6, 1.7, 18.2, 566, 1980, 7731, 145),
(1218, 'Deleniti voluptas laboriosam', 'arabic', 'Ratione ut ex. Fugiat reprehenderit repudiandae corporis aut necessitatibus. Vitae exercitationem et.', 34.3, 1.2, 9.1, 425, 1987, 7731, 563),
(1512, 'Et qui recusandae', 'german', 'Qui beatae voluptas eaque necessitatibus ut hic. Adipisci odio qui enim doloribus. Veniam esse fugit aut quaerat hic veritatis. Deserunt tempore saepe aut.', 5.5, 5.0, 17.5, 808, 2006, 77, 646),
(3217, 'Officiis et tempore rerum', 'urdu', 'Illum officiis qui voluptatem eveniet earum. Culpa quisquam nobis architecto facilis est excepturi. Sint dignissimos est asperiores et voluptatum debitis. Et ut quo doloribus iure neque iste. Repellat inventore repellat illo ipsam omnis ut a.', 27.5, 3.2, 33.4, 813, 1981, 2373, 1550),
(1827, 'Officia odit nisi', 'german', 'Dolorem et nemo. Quia provident optio natus voluptatibus. Consequuntur qui maxime suscipit. Rerum veniam inventore aperiam quidem ducimus dolore odio.', 15.3, 4.9, 34.5, 118, 2009, 8882, 9817),
(3888, 'Tenetur ab sapiente', 'polish', 'Nihil tenetur aspernatur qui doloremque ut recusandae voluptatem. Quis nisi voluptas qui esse quia. Tempora autem inventore est praesentium quibusdam quo. Nostrum sunt earum voluptas saepe.', 22.9, 1.8, 22.8, 47, 1991, 9035, 4978),
(2231, 'Ipsam libero omnis voluptatem', 'chinese', 'Soluta ab id repellendus. Sit quia sit et. Dolor harum dolores quos.', 11.5, 3.4, 16.8, 927, 1979, 3605, 6118),
(3023, 'Non dolores aut', 'german', 'Ipsum quas nihil. Ut nemo placeat velit odit. Commodi accusamus dolores et at.', 8.9, 3.5, 11.7, 635, 1996, 3900, 1506),
(4012, 'Possimus debitis consequuntur', 'urdu', 'Harum maxime eum. Molestiae pariatur reprehenderit. Vel facilis possimus officiis provident. Debitis placeat enim tempore delectus voluptas. Aut vitae et sunt dolor officia maxime.', 5.5, 1.8, 17.2, 543, 1979, 5441, 1506),
(3957, 'Facilis voluptate et', 'ukrainian', 'Qui possimus provident. Voluptatem quia dolorem a ut soluta optio quia. Sed ab ut eaque ut aperiam earum ipsa.', 12.0, 1.2, 15.3, 82, 1981, 5371, 8118),
(3618, 'Vitae et laudantium', 'polish', 'Ea sequi necessitatibus aliquam quaerat blanditiis veritatis quis. Est voluptas sed et. Facilis reprehenderit velit non tempore autem voluptatem ab.', 10.6, 4.7, 34.5, 650, 1985, 5699, 3770),
(4290, 'Voluptate officiis voluptas in', 'chinese', 'Eum est blanditiis. Exercitationem dolores explicabo. Eaque rem vero repudiandae cum alias porro.', 30.3, 3.5, 11.9, 665, 1991, 7408, 3770),
(1933, 'Et dolores animi', 'croatian', 'Ipsam omnis esse aut est nihil dignissimos. Quam ratione illum iusto magnam dolores. Neque sunt veniam neque rem est. Quidem tempora voluptatem nisi quo pariatur iure nemo. Maxime id nihil.', 25.0, 2.7, 16.9, 592, 2005, 2696, 5267),
(5715, 'Enim expedita omnis rerum', 'armenian', 'Voluptatem qui dolorem accusantium voluptatem vel. Molestias incidunt nulla harum et. Inventore dolore est. Asperiores laudantium quia dolores voluptatem id illo placeat. Aut totam qui.', 12.8, 2.5, 15.7, 52, 2018, 3605, 6684),
(9754, 'Facere temporibus officia molestiae', 'ukrainian', 'Consequuntur repellendus amet aliquam provident velit non ipsa. Eveniet rerum nisi. Magnam enim doloremque aspernatur qui. Sed porro voluptas praesentium omnis voluptas aut mollitia.', 23.3, 4.7, 7.5, 187, 2012, 3425, 1550),
(3737, 'Autem dolor qui', 'chinese', 'Assumenda libero consectetur fuga incidunt dolores aliquid dolorem. Nostrum enim dicta facilis sunt. Recusandae eveniet est rerum. Et id ut nobis non sapiente et.', 20.0, 1.5, 19.6, 609, 2006, 2696, 1550),
(8385, 'Soluta velit minus', 'farsi', 'Doloribus autem suscipit nisi. Ut voluptates veniam ipsa eligendi voluptas. Cum sed natus.', 18.6, 2.2, 17.6, 979, 1975, 9667, 7767),
(5962, 'Totam aut officia', 'farsi', 'Ut sint ducimus temporibus. Quidem repellendus corporis odio. Sint nihil vitae modi. Repellendus repudiandae doloremque eius. Reprehenderit molestiae suscipit vitae.', 9.8, 1.9, 11.7, 327, 2001, 5607, 7767),
(7030, 'At aut qui', 'russian', 'Voluptas sunt ab et. Incidunt dolore nesciunt iure quis similique rerum et. Ut qui qui consequatur. Sed laudantium nisi quaerat commodi dolore provident.', 27.7, 1.3, 14.6, 302, 1970, 3900, 6118),
(8061, 'Voluptatem cumque aut', 'spanish', 'Vitae alias ea. Officiis esse reprehenderit dolor quia ad. Possimus perspiciatis ducimus est minus. Officiis rem quisquam eveniet id. Autem illo ullam quas deleniti laudantium commodi cumque.', 21.2, 4.1, 27.1, 203, 1983, 9035, 8118),
(2874, 'Inventore quod dolorum atque', 'portuguese', 'Maxime est architecto eius. Eum laborum qui non porro consectetur fuga quia. Enim quia distinctio iste voluptas.', 33.6, 2.4, 6.8, 124, 2009, 8882, 563),
(3133, 'Ab dolore eum', 'ukrainian', 'Fugit sit iste et hic tenetur. Et beatae voluptates molestiae alias. Pariatur autem qui.', 23.7, 4.6, 27.0, 729, 2004, 5447, 1550),
(7966, 'Ipsum dolore voluptatem', 'chinese', 'Reiciendis sed similique dicta dicta consequatur mollitia. Eos delectus excepturi eum amet rerum totam. Voluptatem sed minima itaque qui ipsam molestias ipsam.', 16.2, 1.9, 32.5, 549, 1994, 7408, 563),
(590, 'Iure consequatur qui', 'croatian', 'Architecto in nisi et fuga voluptatem. Aut laborum id sunt aut quibusdam magni. Quia fugiat soluta est deserunt aliquam tenetur. Cumque laudantium sunt. Maiores fuga provident eius.', 19.4, 4.5, 16.0, 640, 1997, 4918, 5267),
(3944, 'Omnis consequatur odit', 'polish', 'Quo laudantium ut quis. Corrupti illum soluta magni dolores aut aliquam et. Impedit sed recusandae sint dignissimos.', 30.2, 3.2, 17.5, 900, 2012, 3008, 563),
(3883, 'Vel inventore pariatur rerum', 'portuguese', 'Quo dolorem vitae nihil aut eos. Quo eaque unde sit pariatur. Aspernatur explicabo aspernatur sint. Quibusdam quo dolorum aliquam aliquid sit. Voluptas iusto laboriosam quam praesentium eum.', 12.4, 1.1, 10.8, 270, 1989, 6463, 1506),
(235, 'Et ducimus quibusdam quis', 'polish', 'In adipisci quia similique eos recusandae dolorem non. Eum et rem veniam voluptas ut hic. Tenetur dicta animi ut voluptatem dolore.', 27.7, 1.1, 27.2, 107, 2011, 2024, 563),
(5309, 'Iste aut ut in', 'french', 'Impedit qui et et qui molestias illo fugiat. Est neque sunt consequatur harum dolores maxime blanditiis. Vel earum non voluptatem.', 23.5, 4.8, 31.5, 482, 2009, 4918, 1506),
(8786, 'Omnis asperiores deserunt', 'urdu', 'Eveniet qui nesciunt necessitatibus omnis enim quia. Enim commodi ab. Perferendis veniam voluptates ipsam ipsam vel corporis. Sunt earum eius est molestiae unde occaecati. In provident dolorum.', 5.9, 2.8, 15.6, 738, 1989, 6444, 1462),
(8798, 'Sequi beatae sint eum', 'polish', 'Aut eligendi quis alias dolor sapiente quaerat qui. Accusantium accusantium molestiae quam perspiciatis aut et voluptas. Sed numquam dignissimos doloribus consectetur.', 31.1, 1.8, 31.8, 157, 2016, 8463, 563),
(5892, 'Vero est atque', 'arabic', 'Porro ea molestias quas quia incidunt ut aut. Vero quis omnis. Quia non odit voluptas magnam. Ea harum ut. Nemo qui soluta in sequi aperiam voluptas.', 9.2, 4.7, 22.7, 889, 2009, 2450, 563),
(3684, 'Dicta harum sint rerum', 'farsi', 'Iure dolore sint minus. Dolor illo molestiae ipsam quasi. Nostrum sit quia molestias voluptates harum. Sint ut et sit incidunt.', 33.9, 3.6, 34.5, 792, 1976, 7408, 5267),
(2038, 'Necessitatibus ducimus eligendi', 'urdu', 'Impedit voluptatum dolorem temporibus saepe debitis. Iste quis veritatis. Ut officia id commodi quas quia eaque rerum. Soluta unde sint ea. Voluptatem voluptatem reiciendis aut nesciunt quia error ab.', 31.6, 3.3, 8.2, 59, 1977, 5607, 7767),
(9440, 'Repudiandae facere quasi consequatur', 'chinese', 'Et alias modi et qui. Alias consequatur perspiciatis quo aut dolor ut. Quo rerum sit rerum ex alias veritatis ipsa.', 15.5, 3.3, 27.1, 967, 1970, 2450, 1462),
(8417, 'Mollitia est dolor ipsum', 'russian', 'Laborum consequatur inventore illo laborum natus eligendi eum. Recusandae voluptate quos natus. Aut odit quam cumque velit. Reprehenderit est aliquam in harum voluptas laborum. Quia commodi adipisci est ipsam quia repudiandae.', 19.5, 3.0, 8.8, 470, 1971, 9361, 1506),
(959, 'Beatae eaque aut', 'armenian', 'Ipsum accusamus quia pariatur amet non placeat. Expedita est consequatur deserunt expedita rerum dolores occaecati. Nam qui sit harum unde ipsum voluptatem. Fuga debitis molestiae voluptas corporis neque eaque.', 15.9, 2.2, 25.7, 310, 1975, 8706, 9817),
(5453, 'Ducimus eligendi similique', 'belorussian', 'Qui perferendis et. Quaerat reprehenderit omnis et nam et. Ad enim praesentium. Aut est hic omnis totam. Quibusdam nihil ad ducimus eveniet aut.', 12.5, 1.3, 12.8, 122, 1970, 2696, 8118),
(5546, 'Voluptatem sint quibusdam', 'arabic', 'Excepturi sit qui porro. In exercitationem rerum et ab. Mollitia labore est praesentium accusantium. Qui esse quis dolor molestiae voluptas ipsum.', 33.5, 2.4, 33.2, 782, 2003, 5833, 3770),
(5305, 'Reiciendis recusandae dolore voluptate', 'croatian', 'Delectus ad a qui dolores est eius voluptate. Eum qui ipsa laboriosam quaerat accusamus. Et voluptatem tenetur aut est minus est recusandae. Qui rerum facilis qui doloribus aut rerum.', 28.6, 1.7, 14.1, 745, 1979, 111, 145),
(9396, 'Dicta natus est', 'spanish', 'Eum est provident. Quas nemo commodi at repellat. Quia qui id quam corrupti laudantium est et.', 10.1, 2.8, 14.6, 322, 1974, 3900, 145),
(9058, 'Ducimus rerum quas aliquid', 'german', 'Similique pariatur perspiciatis quia delectus distinctio. Modi quaerat voluptatem. Cumque laborum aliquid asperiores quas reprehenderit.', 15.0, 1.8, 28.9, 74, 2002, 4787, 6684),
(7645, 'Perspiciatis soluta excepturi', 'arabic', 'At sit et. Ducimus velit cumque aut autem. Et possimus quis cum. Minima repellat iusto sunt incidunt illum doloremque. Deserunt eveniet perspiciatis id.', 11.6, 2.1, 22.8, 536, 2004, 5475, 9817),
(2645, 'Aliquam aut ad', 'german', 'Necessitatibus quis eos nesciunt. Molestiae aperiam ipsum totam ipsum eos dolores. Et culpa similique est maxime aut dolores. Nobis enim consequuntur.', 32.8, 3.0, 19.3, 235, 2005, 4985, 1506),
(3921, 'Tempore nesciunt neque', 'spanish', 'Dolor architecto rerum. Rem dolore dignissimos autem eaque dolorem minus maxime. Sit dolorum qui nisi quod. Voluptas reiciendis et accusamus sunt totam. Occaecati quasi reprehenderit laboriosam.', 23.7, 3.8, 24.9, 571, 1999, 4985, 646),
(997, 'Ut itaque sed ut', 'belorussian', 'A voluptatum itaque illum veritatis dolor nihil. Exercitationem eum ea aut eos iste. Mollitia sit laborum in sint.', 5.3, 4.3, 10.8, 275, 2001, 5833, 5267),
(6869, 'Est hic ab est', 'ukrainian', 'Unde error odit est libero. Delectus corrupti eum possimus illo. A sint beatae aut dolore sint molestiae.', 6.0, 4.5, 24.0, 162, 1971, 9035, 6684),
(2522, 'Aut assumenda aut et', 'polish', 'Eaque est voluptas dolor veniam nihil. Provident ea aut. Qui accusantium minima. Expedita qui nam corrupti maiores ducimus rerum.', 10.1, 3.9, 16.9, 838, 1993, 2084, 1506),
(3840, 'Eligendi eaque ipsum soluta', 'armenian', 'Incidunt ducimus qui voluptate esse. Illum enim reprehenderit voluptatem eveniet aliquid. Soluta sit in dolor consequuntur.', 8.9, 1.5, 13.0, 69, 1993, 4714, 1506),
(3612, 'Voluptates qui voluptate et', 'armenian', 'Repellat id et et vel voluptatibus nobis totam. Nemo commodi aliquam. Sequi eum commodi consectetur maiores cupiditate.', 5.4, 2.0, 26.3, 958, 2012, 2450, 9524),
(2557, 'Et odit cupiditate', 'arabic', 'Eos sint earum ut quas commodi sit. Tempore expedita officia a voluptatem aperiam inventore ipsum. Est fuga delectus. Dolore id ex atque doloribus omnis accusamus. Est laudantium omnis officia tempore similique et atque.', 9.9, 2.9, 24.5, 390, 1988, 5441, 6118),
(7086, 'Culpa sapiente voluptate', 'russian', 'Impedit excepturi corporis exercitationem cupiditate. Amet nobis beatae. Rem porro nam. Quo sed voluptas eaque inventore numquam soluta.', 28.4, 4.1, 17.2, 264, 1982, 8706, 145),
(7487, 'Expedita rem atque voluptas', 'croatian', 'Sed corporis nisi at. Laboriosam magnam totam nam rerum sint assumenda dolores. Accusamus qui voluptatum quis sed. Possimus deleniti aliquid. Quidem perferendis aperiam ut.', 5.4, 1.4, 16.0, 980, 2011, 2084, 9817),
(9852, 'In quae est', 'english', 'Qui ut et molestiae consequatur. Quo omnis suscipit id aut qui voluptates et. Voluptatibus ut dolores itaque est minima. Deserunt blanditiis qui nesciunt est libero odit.', 17.3, 4.6, 13.5, 933, 1975, 5475, 5267),
(4180, 'Dolore et voluptatem molestiae', 'armenian', 'Debitis autem illum. Autem et dolore cumque blanditiis sequi placeat. Neque voluptate consequatur. Adipisci quam laudantium recusandae explicabo culpa occaecati. Quia architecto omnis.', 8.6, 1.9, 23.1, 876, 1975, 7731, 7767),
(6284, 'Aut voluptate eos', 'urdu', 'Modi voluptatum vel perspiciatis omnis porro quisquam quis. Vitae temporibus quis accusantium soluta aut natus quo. Velit aut mollitia. Voluptas dolores eius ullam molestias cum nam mollitia. Est distinctio explicabo velit ullam eaque.', 28.8, 4.3, 19.3, 64, 2017, 1566, 8118),
(6704, 'Illo voluptatibus sit fugit', 'english', 'Perspiciatis et sit unde omnis laudantium. Mollitia nisi placeat sed ab sed ut voluptatem. Sed error consequatur. Consequuntur sequi rem dolore molestias ex et labore. Ut voluptatibus nemo qui rerum laborum.', 11.4, 3.7, 14.4, 765, 1974, 2038, 7767),
(6986, 'Quibusdam sit tempora non', 'armenian', 'Nemo aut aut facere rerum at et placeat. Quia eum illum numquam earum culpa. Unde rerum ut. Fugit officia quod.', 13.4, 2.8, 32.3, 877, 1972, 77, 6684),
(2352, 'Ad qui ducimus', 'english', 'Dolor sed voluptatem. Eum nihil error. Quos voluptatibus voluptatem quo.', 26.9, 1.1, 32.6, 506, 2000, 4787, 9817),
(7762, 'Non et voluptas nostrum', 'english', 'Placeat numquam doloribus optio voluptate voluptas enim. Labore et ad. Commodi saepe dolorem. Beatae magni earum illum corporis similique.', 9.3, 3.5, 14.1, 322, 2018, 2084, 1462),
(5239, 'Voluptas omnis qui ex', 'chinese', 'Mollitia ut blanditiis enim explicabo. Omnis maiores inventore aliquam. A qui magnam ut beatae. Consequatur dolore ullam laboriosam iure dicta natus et. Aut sint magni repellat molestias possimus.', 21.4, 2.0, 8.4, 878, 1973, 8706, 145),
(949, 'Magni ullam in', 'chinese', 'Qui recusandae nihil eius illum totam. Repellat nisi est maxime exercitationem consectetur. Quia et delectus. Nihil quasi eos.', 15.2, 4.4, 27.7, 466, 2017, 2450, 6684),
(9888, 'Hic quae quia', 'french', 'Laborum blanditiis dicta. Exercitationem qui saepe. Minima qui voluptatem et earum voluptas molestiae et. Culpa sequi porro occaecati dolorem odit.', 27.2, 3.6, 9.0, 885, 1977, 4527, 4978),
(2671, 'Iure exercitationem ex', 'russian', 'Dignissimos quo corporis. Velit non veniam animi et. Delectus et magnam perferendis.', 20.6, 4.3, 11.2, 787, 1989, 8882, 9524),
(5948, 'Voluptas beatae sed', 'armenian', 'Nemo voluptas praesentium sunt rerum fuga similique. Deleniti natus veritatis rerum quae qui. Et deleniti consectetur est.', 16.9, 3.6, 24.0, 574, 2014, 8077, 4978),
(5172, 'A dolorem qui', 'belorussian', 'Molestiae recusandae dolor nulla quo consequuntur. Et sed facere. Libero saepe nisi eligendi culpa. Omnis non earum illum qui.', 29.3, 4.2, 8.9, 614, 2013, 2373, 1506),
(9032, 'Consequatur velit cum', 'chinese', 'Quos reprehenderit quia enim vel. Minima et ex maxime molestiae aliquam odit. Similique voluptas atque dolores voluptas dolorem sed. Dolores facilis qui voluptatem dolores sunt reiciendis aut. Magni qui omnis.', 14.0, 3.6, 32.8, 960, 2004, 2805, 1506),
(3038, 'Consequatur perspiciatis repudiandae', 'arabic', 'Et doloribus animi minima. Voluptas aut corrupti dolor eos. Quis alias inventore. Accusamus qui excepturi nostrum culpa sint minima. Vero officiis omnis minus.', 20.4, 4.9, 17.8, 931, 2012, 9035, 9524),
(1820, 'Veritatis et error inventore', 'farsi', 'Ut qui maiores cupiditate deserunt. Fugiat voluptatem corporis rem nostrum. Aut debitis consequuntur qui itaque quam sapiente. Quis alias recusandae dicta aspernatur amet. Quas voluptatum molestias perferendis.', 12.0, 3.3, 23.9, 455, 1990, 6463, 3770),
(6868, 'Et voluptas corporis et', 'croatian', 'Esse iste est doloribus vel unde vero est. Aut molestias tempora sunt natus veritatis. Magnam unde neque. Numquam voluptatem qui esse consequatur et et. Praesentium sit dolor incidunt.', 5.0, 1.6, 24.9, 564, 2011, 1446, 1550),
(4364, 'Quisquam beatae in neque', 'croatian', 'Architecto corporis at excepturi sint. Unde ipsa est praesentium et suscipit qui. Non inventore voluptatem eveniet ullam inventore. Et et soluta et voluptatem. Repudiandae ab enim consequatur facilis eum voluptatem.', 31.5, 4.8, 34.2, 609, 1998, 8706, 6118),
(6887, 'Accusantium facilis est', 'russian', 'In praesentium et illum eligendi. Porro quod illum rerum rerum quis. Odio neque consequatur id ut.', 32.2, 1.3, 23.3, 311, 2017, 4714, 646),
(5862, 'Harum sapiente eveniet soluta', 'armenian', 'Ratione officia occaecati molestiae. Nihil illo quas at impedit enim quis exercitationem. Laudantium corporis id sequi libero.', 8.7, 4.9, 14.6, 350, 2008, 2805, 563),
(4566, 'Doloribus velit deserunt unde', 'russian', 'Voluptates veritatis ut. Qui molestias aspernatur ut occaecati consequuntur. Vel repudiandae id eum magnam et dolor nemo.', 21.4, 4.8, 27.7, 129, 1989, 5607, 646),
(6948, 'Quas suscipit quidem', 'chinese', 'Iure aliquam non laudantium accusamus nobis. Ut sint consequatur odit et eaque et doloremque. Dolor temporibus dolores. Ducimus fuga possimus ut autem voluptate officia eligendi. Nobis velit voluptate est et.', 21.0, 2.1, 28.0, 216, 1999, 2805, 6118),
(3322, 'Velit sapiente et', 'farsi', 'Dolore nulla tenetur delectus mollitia mollitia inventore. Distinctio debitis omnis quia ipsum. Omnis odit eius ab voluptas quam voluptate aliquid. Tempora ullam enim dignissimos quos tempore odio. Exercitationem minus quis deleniti sit rerum soluta.', 7.4, 2.6, 32.0, 282, 1973, 2373, 1506),
(2117, 'Tenetur aut rerum', 'arabic', 'Fugiat voluptatibus pariatur. Consectetur natus itaque qui porro. Illo ullam quam eaque. Voluptas maxime laborum ab ducimus minus culpa voluptate.', 26.2, 4.7, 32.7, 211, 1973, 2024, 9817),
(6316, 'Nobis minima qui', 'english', 'Reiciendis aspernatur voluptatem. Et corporis cum in velit enim consequatur. Ab expedita sunt corporis qui. Similique aut totam rerum dolore iusto consectetur illo. Voluptas dignissimos exercitationem nulla ratione nisi magni expedita.', 21.1, 1.5, 33.1, 964, 1989, 4600, 6684),
(6915, 'Asperiores voluptas possimus', 'german', 'Cumque eos suscipit qui. Enim consequatur incidunt eum optio maiores. Et saepe qui delectus.', 8.1, 4.6, 29.3, 133, 2008, 962, 1506),
(2893, 'Rerum qui non sed', 'croatian', 'Est repellat sint. Eius officia eius. Ut consequuntur voluptas corrupti velit totam numquam facere.', 16.3, 1.3, 20.8, 848, 1974, 8706, 145),
(2688, 'Quibusdam aspernatur non delectus', 'farsi', 'Labore aspernatur enim nam temporibus veniam architecto et. Ipsa dolor hic voluptatibus quod atque ut. Mollitia consequatur qui accusantium et. Dolores at minus quis.', 15.5, 1.9, 5.8, 158, 1976, 3008, 8118),
(5524, 'Provident voluptas sed', 'arabic', 'Amet rerum dolor inventore voluptates quam. Harum quibusdam pariatur animi omnis cum. Et sint molestiae dolor.', 31.5, 2.4, 17.2, 373, 1988, 8077, 6118),
(7253, 'Deserunt eos omnis', 'belorussian', 'Qui voluptatem aut reprehenderit in qui provident eius. Sed et omnis eligendi quos vel. Dignissimos aperiam adipisci quia neque. Explicabo eum adipisci aliquid consequatur. Fuga officiis eos necessitatibus ipsum dolore.', 21.2, 3.1, 19.1, 46, 2017, 2450, 563),
(3915, 'Harum eos eos similique', 'ukrainian', 'Nisi soluta impedit necessitatibus asperiores sunt odit. Dolorem id ex itaque. Voluptatibus architecto porro sit quis molestiae. A aut qui laborum error nesciunt facilis commodi.', 11.4, 4.4, 23.0, 42, 1980, 5699, 1462),
(5269, 'Deserunt maxime quia aperiam', 'croatian', 'Ducimus vero laudantium. Voluptatum iste ut laboriosam quisquam magni eos libero. Quis numquam dicta delectus. Aut non molestiae. Ipsum rerum aut quis cumque et.', 18.7, 2.0, 31.4, 902, 2018, 2696, 3770),
(6054, 'Sit dicta maxime et', 'russian', 'Sed esse dicta ullam perspiciatis magnam sequi hic. Nulla maiores maiores. Quis eius cumque soluta enim fugit ea.', 8.3, 2.1, 21.9, 211, 1978, 4918, 145),
(6205, 'Non qui nihil et', 'croatian', 'Vero ut voluptatem esse. Debitis est voluptas voluptas eum. Sunt ut sunt pariatur nam. Laborum sequi vitae deleniti.', 6.3, 3.3, 28.8, 724, 1985, 5371, 6684),
(4111, 'Fuga dolor minus', 'croatian', 'Repudiandae enim animi perspiciatis et sint totam. Consequatur debitis ut. Ducimus enim tempora facere sit tempora. Maxime molestias consequatur tenetur sunt et. Necessitatibus veniam perspiciatis.', 31.6, 4.9, 30.3, 262, 2000, 4714, 7767),
(6914, 'Consequatur dolores porro rerum', 'armenian', 'Ipsam autem iste repellendus doloremque ea accusamus. Veniam accusantium hic quidem cumque sunt. Voluptas aut quod porro exercitationem. Et aut sed nam minima dolorem est reiciendis. Assumenda et qui vel.', 20.6, 2.3, 30.7, 147, 1995, 2232, 8118),
(3476, 'Aut itaque deserunt', 'chinese', 'Omnis officiis similique voluptas dolores non ad. Voluptate est quod omnis. Omnis autem voluptatibus temporibus suscipit autem. Sequi dolor voluptatibus.', 17.7, 2.7, 31.1, 746, 1987, 3008, 563),
(9048, 'Quibusdam eaque sit voluptatem', 'ukrainian', 'Est et nihil dolorem eos omnis. Omnis rem a atque labore. Vel deserunt molestias.', 29.7, 3.4, 6.9, 344, 1972, 2373, 563),
(1653, 'Qui ut quam occaecati', 'arabic', 'Et aliquid soluta dignissimos qui ut deleniti. Sunt sint dicta. Sed voluptatem qui aut repellendus asperiores. Qui veniam vel quae accusantium aliquid rem eaque.', 33.0, 4.7, 13.1, 33, 1973, 8882, 3770),
(734, 'Aut quia delectus est', 'german', 'Cupiditate saepe quia. Tempora est libero. Est atque quas. Laudantium libero aut ad a ab enim explicabo. Placeat est vel modi et fugiat.', 15.3, 3.1, 20.8, 477, 1987, 4527, 1506),
(1675, 'Iste sit possimus aut', 'french', 'Et ea dolores. Sunt sed aut ullam. Minus temporibus itaque. Quam modi explicabo earum aut eum illum.', 21.5, 2.1, 11.3, 405, 1992, 9361, 6118),
(5241, 'Fugiat rem sunt', 'english', 'Voluptatem nihil ipsum quidem. Nam quos quod sit et odio repudiandae. Quasi mollitia qui id.', 30.0, 1.5, 11.8, 334, 1994, 5833, 6684),
(1996, 'Ea eius fugit neque', 'arabic', 'Vel et a id possimus non. Minima minima voluptatibus dignissimos. Odit incidunt accusamus assumenda minus.', 17.8, 2.0, 26.8, 222, 1971, 1965, 9524),
(5898, 'Nisi occaecati aut quod', 'armenian', 'Ducimus sapiente beatae amet ut provident animi odit. Sed consectetur itaque aut dolores odit nesciunt ut. Autem quisquam sed ea debitis ad omnis placeat. Consequuntur dignissimos vero. Dolores accusamus repellat et.', 33.3, 4.4, 8.9, 73, 1988, 3605, 3770);
