--use library;

insert into author(author_id, first_name, second_name, birth_city, birth_country, birth_date, author_descr, nationality) values
(5248, 'Laurianne', 'West', 'Port Ramonaburgh', 'Zimbabwe', '1973-12-08', 'Consequatur consequuntur sed itaque. Itaque consequatur magnam qui. Molestiae voluptates et molestias id quia alias rerum. Voluptates autem nobis sed.', 'Indian'),
(3192, 'Brielle', 'Krajcik', 'Jeremyborough', 'Bulgaria', '1941-07-28', 'In minima saepe harum. Doloremque occaecati aliquam laborum voluptatem cupiditate modi voluptas. Ipsam deleniti dolor. Libero excepturi ad ut tenetur culpa placeat.', 'Mexican'),
(6163, 'Jermey', 'Hintz', 'Alvinaview', 'Lebanon', '1976-05-26', 'Non dolores repellendus quia vero exercitationem. Vel natus praesentium expedita molestiae cumque consequuntur repellendus. Eveniet rem et aliquid vero ad nesciunt. Repellat eum non adipisci nobis id nihil. Quo beatae ut enim.', 'Nepalese'),
(1003, 'Will', 'Friesen', 'Lake Danika', 'Congo', '1934-06-28', 'Saepe accusamus eum aspernatur modi quisquam quia et. Non dolorum nihil facilis aut. Qui voluptatem ratione consequatur commodi dicta.', 'Mongolian'),
(4885, 'Madaline', 'Keebler', 'Lewisside', 'Brunei Darussalam', '1967-07-11', 'Fuga necessitatibus est error ullam iste placeat delectus. Veniam fuga quod corrupti adipisci. Est vero sed ut laudantium dolor quod. Dolor rerum non omnis eum. Eligendi ut animi quo adipisci consequatur at.', 'Polish'),
(4043, 'Boyd', 'Monahan', 'East Nakia', 'Tanzania', '1989-09-02', 'Sit quia amet voluptatem iure. Alias suscipit aperiam fugiat error totam veniam. Aliquam magni enim iusto. Praesentium soluta necessitatibus voluptas qui eos. Cum et ullam illo.', 'Dutch'),
(1050, 'Rudy', 'Hoeger', 'Larueton', 'Vietnam', '1998-12-25', 'Laudantium et officiis quia rerum voluptas. Fuga commodi enim dolores repellat reprehenderit dolore unde. Dolor dolores eos nam. Qui facilis sint maiores.', 'Bahamian'),
(1709, 'Electa', 'Konopelski', 'McLaughlinland', 'Christmas Island', '1929-06-09', 'Non praesentium nam ea sit. Sint itaque unde officiis quibusdam. Nisi consequuntur sunt quam eius sit. Et ab a nihil velit porro.', 'Slovenian'),
(9713, 'Barbara', 'Braun', 'Bergnaumland', 'Puerto Rico', '1957-05-04', 'Quibusdam hic explicabo nostrum autem iste. Ea nisi harum ea ut. Natus occaecati fugiat. Laborum aperiam aliquid et id.', 'Bahamian'),
(6381, 'Olga', 'Torp', 'Keirashire', 'Greece', '1995-04-12', 'Commodi iste quas nesciunt neque occaecati. Cumque qui corrupti consequuntur quos earum. Aut cupiditate aliquid a molestiae id sunt eligendi. Vitae illo in natus amet possimus. Eum repudiandae nihil autem enim sed consequatur.', 'Andorran'),
(6136, 'Vance', 'Runolfsson', 'Keeblerview', 'Mauritania', '1931-01-27', 'Quis voluptate veniam cum occaecati qui iste rem. Quo autem id aspernatur ut est voluptatem. Tempora eius quos hic cupiditate aut in odio. Labore perferendis dolorum. Ipsum nesciunt sequi enim et excepturi et magnam.', 'Liechtensteiner'),
(5115, 'Wava', 'Jones', 'South Naomi', 'Philippines', '1985-06-09', 'Harum molestiae sed perspiciatis aliquam eum fuga autem. Quam dicta alias. Sunt et illum voluptatem sequi sit itaque dolores. Deleniti eos et incidunt. Est in recusandae.', 'Liechtensteiner'),
(8072, 'Jarrod', 'Little', 'Greenmouth', 'Palau', '1999-09-26', 'Assumenda consequatur non minima. Reiciendis voluptatem dolorem rem consequatur officia quos. Esse quis dolor aliquam vel. Non qui sunt eligendi rerum blanditiis labore. Reiciendis consequatur repellendus eum illum quia.', 'Liechtensteiner'),
(5257, 'Lamar', 'Thompson', 'Gutmannmouth', 'Sudan', '1959-03-24', 'Recusandae odio veniam aperiam amet aut vel. Architecto fugiat consectetur et in sit dolores. Est qui maxime.', 'Swedish'),
(4448, 'Dorothea', 'Denesik', 'East Melyssaberg', 'Puerto Rico', '1959-09-29', 'Voluptatem voluptatem nobis est omnis. Voluptatem dolorem harum ipsa modi et quia quis. Vero aut rerum dolor dolorem voluptatibus quibusdam id. Soluta consequuntur qui. Provident debitis quia eum quasi asperiores veniam.', 'French'),
(2335, 'Bennie', 'Feest', 'Hermistontown', 'Greenland', '1924-10-19', 'Sed quis velit laborum inventore in. Et ipsum commodi rerum ut consequatur cum. Expedita nobis minima nesciunt est. Nostrum quaerat sit autem optio sed ipsam iste.', 'American'),
(1347, 'Constantin', 'Gusikowski', 'North Carybury', 'Guatemala', '1991-05-17', 'Provident qui quia dicta. Sed minima laborum adipisci nostrum. Tempore consequatur tempore molestias sapiente illum et quis. Excepturi molestiae ipsa molestiae quaerat sed.', 'New Zealander'),
(3159, 'Vicente', 'O''Conner', 'North Ashleeland', 'Guatemala', '1993-04-29', 'Et deserunt ut non molestias incidunt. Aut illo iste quae aspernatur accusantium. Odio aliquid tempore cumque est sunt eos quia.', 'Australian'),
(2780, 'Erling', 'Hessel', 'East Lorenza', 'Jersey', '1960-01-08', 'Aliquid amet ea sed. Accusamus iure ducimus magni voluptatibus sit facere sed. Atque soluta ipsum libero delectus sed et. Et ut quia.', 'Slovakian'),
(581, 'Berniece', 'Flatley', 'Lake Terrell', 'Saint Kitts and Nevis', '1948-12-14', 'Est ut blanditiis excepturi sit. Enim dolorum omnis voluptatem totam. Quos qui ut maxime fugit error veritatis reiciendis. Amet nihil suscipit corrupti perspiciatis voluptas possimus.', 'Dutch'),
(3378, 'Megane', 'Nicolas', 'West Valentin', 'Georgia', '1962-10-20', 'Et fuga id et. Magni consequatur quos velit. Ipsum praesentium delectus inventore. Natus voluptatibus et.', 'Lithuanian'),
(5407, 'Garrison', 'Torphy', 'New Alessandra', 'Poland', '1945-12-29', 'Veritatis pariatur repellendus libero. Corrupti nemo et neque. Praesentium ut dolor qui.', 'Afghan'),
(9682, 'Jaylen', 'Heidenreich', 'Powlowskitown', 'Somalia', '1925-11-23', 'Nihil eos esse aut consequatur. Sed voluptas suscipit autem vitae eos. Voluptas incidunt fugit saepe voluptas veniam qui. Quasi sunt odit magni. Numquam et iusto hic.', 'Bulgarian'),
(8674, 'Jessica', 'Walker', 'Emardtown', 'Heard Island and McDonald Islands', '1968-10-06', 'Eveniet laudantium voluptates nemo et voluptas aliquid sapiente. Non eum facere. Atque voluptatem ducimus similique itaque voluptas libero deleniti.', 'Mexican'),
(2526, 'Kendrick', 'Upton', 'Domingofurt', 'Guinea', '1965-06-14', 'Inventore enim maxime et exercitationem dolorem. Reprehenderit dignissimos omnis voluptas cum et quis autem. Natus dolorem deleniti velit est. Et sit veritatis. Et eum porro quasi molestiae.', 'American'),
(1224, 'Marc', 'Stiedemann', 'Grahamport', 'Cayman Islands', '1988-12-02', 'Eligendi omnis maxime accusamus praesentium. Quo ipsum officiis. Quo fugiat voluptate. Laboriosam nisi quaerat dolorum voluptas eveniet consequuntur explicabo.', 'Afghan'),
(7333, 'Ashley', 'Schaefer', 'West Leland', 'Hong Kong', '1960-10-04', 'Temporibus eum voluptatem. Aperiam ut dolores. Culpa magnam rem ea. Error laboriosam accusamus provident ab inventore. Consequuntur perferendis quis tempore.', 'Icelander'),
(3083, 'Johann', 'Fisher', 'East Layla', 'Romania', '1986-07-11', 'Et repudiandae voluptates. Quidem beatae vero aut neque dolores velit veniam. Optio nesciunt repellat non. Dolore aut et consectetur saepe veniam doloribus libero.', 'Equatorial Guinean'),
(4878, 'Letha', 'Pfeffer', 'Markusshire', 'Croatia', '1975-12-16', 'Sint eum sapiente deleniti hic in. Soluta cum ea amet dolor eum. At aliquid nulla totam in iste quis cumque.', 'Austrian'),
(6915, 'Mervin', 'Grimes', 'East Robinfort', 'Malawi', '1973-11-01', 'Dignissimos optio amet necessitatibus et beatae consequatur doloremque. Commodi sapiente rerum corporis non. Voluptas esse libero earum repellat adipisci non.', 'Polish'),
(4026, 'Samson', 'Emmerich', 'South Ocie', 'Mayotte', '1922-11-08', 'Dolore sit ullam culpa incidunt. Earum non hic explicabo distinctio omnis totam nihil. Molestias et amet ad enim vitae quos. Eos et ratione sed voluptate esse.', 'Swedish'),
(8003, 'Antwon', 'Eichmann', 'Schowalterbury', 'Kuwait', '1932-02-16', 'Rem vero aut. Molestiae et veritatis ullam. Consequatur aut ratione sit quia. Impedit esse accusantium sint aut. Quis aut itaque totam et quam ipsum dolorum.', 'Cambodian'),
(5397, 'Aaliyah', 'Waters', 'Cleveport', 'Micronesia', '1999-07-21', 'Quis voluptas non. Molestiae magni saepe. Fugit iure sunt atque soluta. Aut saepe maiores blanditiis eum aut odit nemo.', 'Angolan'),
(9784, 'Dion', 'Corkery', 'New Vernie', 'Uzbekistan', '1953-10-30', 'Sed eius sint. Corporis placeat in est. Et qui natus sequi explicabo qui. Beatae ad et reprehenderit eveniet nihil. Eum magnam suscipit nostrum natus nam hic occaecati.', 'Kittian and Nevisian'),
(3659, 'Kristy', 'Schulist', 'Grahamland', 'Guyana', '1957-04-27', 'Laboriosam molestiae officia qui voluptate voluptatibus. Consequuntur quisquam nostrum id nesciunt ab. Quisquam voluptatem dolorem totam.', 'Syrian'),
(1067, 'Tia', 'Will', 'New Jeramy', 'France', '1999-12-07', 'Quis voluptate repudiandae dolores atque qui a atque. Voluptas illo qui hic. Ut voluptates sit officiis et id. Harum minus quo consequatur. Temporibus vero consequatur molestiae alias qui dicta.', 'Indonesian'),
(7738, 'Elias', 'Haley', 'Schummmouth', 'New Caledonia', '1980-07-05', 'Quasi fugit ex harum voluptas. Voluptatem ab inventore expedita consectetur dicta. In sed non aliquid qui magni incidunt. Aut sit aspernatur quibusdam quasi.', 'Polish'),
(8952, 'Ashley', 'Metz', 'New Camylle', 'Macedonia', '1936-09-15', 'Aut amet nisi rerum iusto. Omnis velit aut. Reprehenderit consectetur et. Voluptate dolorum vel tenetur amet ut fugit. Corporis et nam laudantium quae enim dolore sunt.', 'Romanian'),
(6700, 'Jarret', 'Senger', 'Kiarramouth', 'Cote d''Ivoire', '1935-09-01', 'Itaque aliquid ipsam enim voluptas dolore possimus. Soluta quibusdam dicta et quia quo. Sit autem facilis.', 'Scottish'),
(9100, 'Terence', 'Maggio', 'Port Bentonbury', 'Guatemala', '1972-07-11', 'Repudiandae molestiae labore. Illum modi recusandae non. Inventore dolorum deleniti quia rerum. Vero hic mollitia omnis laboriosam id. Neque ut quia dolor dolorum atque ab exercitationem.', 'Moldovan'),
(798, 'Marcelino', 'Kreiger', 'New Jazmynstad', 'Kazakhstan', '1979-02-13', 'Corporis qui placeat velit rerum ullam harum. Nihil optio nihil sapiente autem sunt earum. Id qui quod maxime reiciendis dignissimos sit et. Voluptate numquam similique doloribus.', 'Indian'),
(5648, 'Cordelia', 'Pacocha', 'East Florianburgh', 'Mozambique', '1977-12-21', 'Aperiam quis vero suscipit amet culpa tempora. Aut qui commodi rerum sequi qui. Qui consequuntur sequi sit minus totam.', 'Afghan'),
(4557, 'Hermina', 'Homenick', 'West Lacey', 'Martinique', '1987-11-12', 'Sint in iure cumque ipsum temporibus eveniet atque. Iure voluptas qui itaque fuga quo aspernatur. Nemo et excepturi voluptatem. Quia eaque est aspernatur. Libero illo architecto et omnis doloremque sed.', 'Peruvian'),
(481, 'Carolyne', 'Fisher', 'Parisianmouth', 'United States Minor Outlying Islands', '1971-05-08', 'Praesentium tempora est magni quis eveniet et. Voluptatem eius vel corrupti eaque ex perspiciatis asperiores. Nostrum recusandae voluptatum quia error quis.', 'Turkish'),
(1365, 'Alessandra', 'Heller', 'East Ozella', 'Saudi Arabia', '1982-06-30', 'Est consequuntur porro aut amet nam. Enim omnis fugiat dolorem reprehenderit. Est quia at harum suscipit.', 'Icelander'),
(1825, 'Woodrow', 'Grimes', 'New Marshall', 'Kazakhstan', '1964-07-09', 'Dolorum culpa harum qui illum. Blanditiis vero fugit alias et dolor. Neque rerum ex reiciendis. Totam aspernatur autem tempora. Aut non molestiae fuga qui error suscipit ut.', 'Syrian'),
(2996, 'Brock', 'Abshire', 'Bogisichmouth', 'Guinea', '1954-09-26', 'Ducimus et rerum vero. Earum ducimus nihil nihil ex ab quas. Voluptatem dolore fuga est non eligendi minima. Nihil id vel voluptatem. Est ad autem fuga consequatur est voluptas.', 'Dutch'),
(9494, 'Abe', 'Wunsch', 'Lake Craig', 'Lao People''s Democratic Republic', '1967-11-04', 'At necessitatibus perferendis doloremque in. Illo eum non et doloribus. Nam molestias culpa sit doloremque. Consequatur facilis maiores odio velit. Voluptas ipsam voluptate sapiente dolorem velit ex.', 'Dutch'),
(2872, 'Felipe', 'Quigley', 'Doylechester', 'Saudi Arabia', '1974-07-06', 'Sed recusandae aut quia rerum voluptatem aut. Quo ad deleniti. Eos facilis neque. Deserunt hic voluptatem nihil laborum doloribus est.', 'Kittian and Nevisian'),
(1968, 'Isaac', 'Fisher', 'New Benjaminborough', 'Morocco', '1955-05-20', 'Consequatur et voluptatibus dolores molestias. Est est dolore. Illo eos incidunt vero omnis corrupti tenetur.', 'Central African');

insert into genre(genre_id, genre_name, genre_descr) values
(7927, 'Mythopoeia', 'Earum qui ullam. Et itaque et sint aut. Cumque eaque rerum non.'),
(2559, 'Reference book', 'Dolores explicabo delectus aliquam ut dolorem sed illum. Ut et ab repellendus facere natus ut. Doloribus quisquam sunt quae. Cupiditate libero consequatur aspernatur illum. Ut molestias corrupti sed ipsa.'),
(6520, 'Biography/Autobiography', 'Enim iste incidunt non similique deleniti sed. Delectus illo eum. Quas accusantium suscipit architecto. Placeat repellendus similique sed est consectetur.'),
(7318, 'Speech', 'Est voluptate possimus velit labore quae laboriosam error. Ipsam ipsum eos ut ratione eos fugit. Vel ea commodi. Sit hic repellat facilis consequatur sed. Doloribus maxime voluptatum provident officiis.'),
(696, 'Metafiction', 'Reiciendis illum aut autem et. Aspernatur sed qui. Totam eius rerum ex velit. Ut placeat nihil et molestiae. Officia sunt esse doloribus dolorem.'),
(4583, 'Essay', 'Est aut mollitia incidunt odit nobis voluptatibus iusto. Dolores quas deleniti et alias. Temporibus cum atque assumenda architecto ratione dolor aut.'),
(7673, 'Realistic fiction', 'Eaque harum sit. Cum dolor et ea. Eveniet et debitis voluptas voluptatem suscipit nobis. Aut dicta necessitatibus molestias dolores tenetur non. Et doloribus fuga dolorem aperiam qui eos.'),
(9646, 'Science fiction', 'Architecto maxime itaque omnis. Magnam omnis et. Odit magnam eos temporibus qui non. Consectetur quo aut nobis hic sit. Nostrum ut quasi aliquid saepe assumenda.'),
(8111, 'Comic/Graphic Novel', 'Doloribus magni facilis. Recusandae in unde in et dicta dolorem. Iure doloribus itaque doloremque aliquam provident.'),
(8246, 'Fantasy', 'Deserunt aut id distinctio minima autem veritatis. Corporis sapiente quia eos qui commodi. Dolor itaque a voluptas placeat id necessitatibus.');

insert into book (book_id, book_name, book_language, book_descr, book_height, book_length, book_width, page_count, publication_year, author_id, genre_id) values
(4609, 'Est ut odit', 'english', 'Reprehenderit laudantium exercitationem voluptatem minima perspiciatis doloremque alias. Quaerat et aspernatur facilis ipsa ad aliquam. Ut tempora enim sit.', 22.8, 16.9, 2.7, 350, 1978, 8952, 6520),
(5359, 'Deserunt porro veritatis', 'chinese', 'Quia eaque et animi consequatur aperiam pariatur. Ut voluptas et voluptas ullam unde et non. Qui ea aut provident dolor magni asperiores neque. Voluptatibus vitae et voluptatem harum unde.', 8.8, 18.6, 4.8, 626, 1971, 6381, 7673),
(1485, 'Culpa nihil eos', 'english', 'Et delectus nisi sunt. Officia est praesentium in. Itaque aspernatur ad facere quaerat numquam sed. Nam sunt voluptatem sunt. Magnam unde in dolores.', 28, 21.7, 3.1, 936, 2001, 4026, 9646),
(7338, 'Voluptas autem nesciunt aut', 'russian', 'Velit ut qui quam dignissimos velit rerum sed. Sed ut non quis aperiam. Vero aspernatur enim explicabo eaque. Quia hic velit exercitationem deserunt et ducimus perferendis.', 5.9, 12.4, 4.4, 383, 1974, 1968, 9646),
(2305, 'Aut vel eaque', 'arabic', 'Labore est ad ut. Animi dignissimos qui sed in sit. Consequatur enim accusamus delectus beatae totam aperiam. Rerum enim iure ut blanditiis aut praesentium.', 21.4, 17.7, 2.2, 681, 2000, 6700, 7927),
(3350, 'Dolorum delectus at nostrum', 'urdu', 'Facilis veritatis ea praesentium. Id fugit optio. Ea et neque velit vero alias. Nulla animi aut omnis.', 20.6, 6.6, 4.4, 413, 1973, 6915, 8111),
(6358, 'Voluptas quis porro', 'croatian', 'Mollitia officiis sunt. Alias autem aut excepturi laudantium quia voluptatem est. Tempora vitae animi qui sint itaque. Qui et animi delectus laborum officia vel blanditiis.', 16.5, 12.6, 4.9, 492, 2010, 7738, 7673),
(9666, 'Molestiae ut eaque', 'chinese', 'Suscipit similique et non quasi quasi numquam laborum. Odio delectus est vel sint. Illo fugiat provident explicabo suscipit eius sint cum. Suscipit dicta est aut.', 17.5, 5.7, 1.5, 264, 1973, 7333, 696),
(1685, 'Ea aliquam qui', 'belorussian', 'Ipsam exercitationem natus quis. Consequatur recusandae est porro aspernatur laudantium ipsam. Similique veritatis dolorum praesentium. Error saepe ut consectetur sint qui.', 16.6, 30.9, 4.2, 970, 2011, 2872, 9646),
(7985, 'Rerum dolore sequi', 'german', 'In pariatur voluptatem tenetur itaque accusantium id. Ratione totam ab voluptatem inventore ut ea culpa. Impedit aut neque vel repellendus. Illo officia incidunt aperiam numquam deserunt. Ut id omnis doloribus exercitationem quam atque voluptatibus.', 27.4, 13.9, 3.1, 722, 1983, 1224, 7318),
(8026, 'Rerum sit quia odit', 'armenian', 'Aperiam enim suscipit et fuga. Veritatis neque aut ratione eum rerum reiciendis. Quia autem rerum qui. Omnis nisi rerum eveniet sunt praesentium consequuntur hic. Debitis sed assumenda dolor quia et.', 11.6, 28.3, 3.2, 409, 1998, 7738, 7673),
(6206, 'Aliquam est libero', 'russian', 'Ipsum et blanditiis eaque aliquam qui libero. Laboriosam sit temporibus et sequi officia qui doloribus. Autem ducimus et omnis neque aspernatur. Autem maxime fugit et quos non sed maiores.', 19.8, 6.8, 4.3, 361, 1978, 1050, 9646),
(5042, 'Aut et aliquam', 'belorussian', 'Eius quibusdam sed repellendus voluptas autem voluptatem. Architecto cumque numquam nostrum repellendus sunt et explicabo. Dolorem iure et. Illum rerum et voluptates explicabo accusantium et et. Quos amet vero.', 21, 27.3, 3.6, 923, 1979, 6136, 696),
(4290, 'Quam quis est velit', 'french', 'Minima magni blanditiis dolorem aliquid quia. Aut quisquam et et voluptates. Omnis et est aliquam omnis ut maxime. Eius autem odio placeat nulla.', 12.2, 6.8, 2.2, 773, 1971, 5248, 6520),
(2081, 'Cupiditate recusandae quisquam', 'spanish', 'Voluptas sint beatae soluta soluta in in. Molestias rerum minima. Sint qui similique. Id dolor sit magnam. Ut illo qui.', 16.3, 17.5, 1.6, 405, 1977, 4043, 7927),
(9412, 'Quis dolores incidunt', 'farsi', 'Error harum temporibus dolores consequatur. Animi voluptas sit repudiandae illo iure quia asperiores. Reprehenderit magni quidem esse. Doloribus hic dolore dignissimos fuga fugit aliquid. Ad suscipit ut suscipit quia fugit dolorem.', 25.3, 20.6, 1.2, 729, 1970, 2780, 9646),
(62, 'Sapiente voluptatibus dicta ut', 'urdu', 'Ducimus dolores rerum labore nulla fugiat placeat laudantium. Est molestiae eius quia deserunt libero expedita non. Illum hic sed laudantium. Nobis quo nobis ipsam.', 11.9, 26.1, 1.3, 825, 1978, 798, 8246),
(3011, 'Eius rerum odit', 'polish', 'Voluptas amet rem est illo rerum rerum omnis. Nulla nisi repellat. Sint alias ipsam dolore incidunt ut. Architecto occaecati voluptatum facere optio nam voluptatem. Neque nihil et quaerat ea.', 6.2, 30.3, 2.7, 199, 1971, 3159, 7318),
(9661, 'Qui voluptas eaque veniam', 'armenian', 'Laudantium qui ut sapiente a. Et enim ipsum enim ea molestiae. Est iste libero.', 31.9, 16.3, 1.3, 427, 1977, 1347, 9646),
(2108, 'Ea incidunt consequuntur', 'urdu', 'Aut debitis molestias autem saepe repudiandae totam at. Necessitatibus quis debitis dolor consectetur harum fugit aut. Sed inventore labore minima sequi fuga dolorem voluptas.', 19.7, 20.8, 3.9, 188, 2000, 3083, 696),
(1740, 'Deleniti beatae corrupti consequatur', 'urdu', 'Consequatur explicabo sunt nihil hic accusamus. In esse inventore earum quis qui numquam. Laudantium sunt sit.', 22.2, 10.2, 3.4, 212, 1983, 3083, 6520),
(341, 'Iste excepturi voluptas', 'russian', 'Est accusantium sit totam. Cupiditate doloremque necessitatibus. Consequatur rerum accusantium non. In qui illo labore. Perspiciatis numquam voluptatem et aut.', 20.7, 16.1, 3.3, 958, 1992, 4448, 7927),
(3934, 'Laboriosam qui provident tempora', 'belorussian', 'Quos eum deleniti. Quibusdam sequi omnis consequatur assumenda fugiat asperiores. Quia error minima voluptas. Non alias consequatur eaque ipsum laborum enim quibusdam.', 18.6, 6.6, 4.2, 525, 1990, 6915, 7673),
(4407, 'Atque soluta exercitationem', 'polish', 'Fugiat ut voluptas cupiditate a ullam. Expedita reprehenderit labore provident sit pariatur quae. Provident impedit voluptas sapiente.', 13.3, 23.4, 2.1, 261, 1984, 9784, 7673),
(5427, 'Blanditiis eum ipsam', 'german', 'Aut sapiente unde ipsa non dignissimos. Dolorem dicta aut laborum. Pariatur aspernatur in aut fugiat nostrum quaerat.', 26.2, 15.6, 1.5, 586, 2010, 4885, 2559),
(8559, 'Animi aut architecto a', 'belorussian', 'Quidem necessitatibus natus. Eligendi ipsam qui. Ea laboriosam omnis. Occaecati ut voluptatem quibusdam repudiandae voluptate qui. Nesciunt eos temporibus rem.', 6.1, 23.5, 2.6, 284, 2000, 5407, 7673),
(5518, 'Omnis qui mollitia eius', 'polish', 'Dolorum qui iste. Omnis consequatur tempora laboriosam. Sint eveniet aliquid quidem qui.', 9, 27.7, 1.9, 377, 1989, 1347, 696),
(3342, 'Aspernatur dicta et ut', 'ukrainian', 'Perspiciatis et dolores eos eveniet enim omnis non. Soluta mollitia qui nulla at voluptatem exercitationem tenetur. Provident blanditiis molestiae quae sequi placeat. Velit itaque delectus pariatur omnis ullam sed.', 34.5, 5.5, 4.1, 586, 2009, 1365, 9646),
(9098, 'Quas similique hic', 'farsi', 'Ut cumque labore quisquam ut. Hic rerum est tempore voluptas animi perspiciatis. Sapiente est id. Non omnis eos ducimus.', 27, 9.8, 3.5, 155, 1994, 5248, 7927),
(3776, 'Cumque deserunt qui', 'english', 'Quidem odit enim. Eos dolores debitis et omnis. Est sit ipsa blanditiis voluptatem. Minima voluptatibus ea beatae.', 9.4, 31.3, 4.4, 423, 1992, 1347, 8111),
(7962, 'Repellendus sint omnis id', 'ukrainian', 'Fuga nesciunt sed magnam dolorum a. Temporibus sit aut. Corporis amet ratione non necessitatibus. Totam rerum eaque quisquam nesciunt accusamus rerum aut. Cum dicta qui.', 26.4, 17, 4, 268, 2010, 5397, 696),
(2429, 'Est nostrum ut', 'english', 'Et rerum sit. Aut facere ea autem consequatur inventore commodi. Eos officia assumenda eius at fugiat. Reiciendis molestiae ut eos minus ex repellat. Aut ipsum qui.', 18.9, 28.1, 4.8, 918, 1973, 5257, 9646),
(5700, 'Ut odio voluptas', 'urdu', 'Et repellendus perferendis sit et harum. Cumque consequatur et maxime illo distinctio excepturi sint. Dolorem velit autem ipsam corrupti assumenda.', 27.9, 16.1, 3.2, 523, 1985, 1224, 7927),
(4302, 'Omnis minus molestiae', 'english', 'Non doloremque natus sit. Qui quasi non ipsam qui maiores neque dolorum. Iste consectetur odio est magnam facilis et sapiente.', 22.3, 21.6, 3, 240, 2002, 6163, 9646),
(3058, 'Minima dolor dolorem', 'english', 'Voluptas pariatur et. Itaque consequatur ipsa. Aut dicta unde distinctio suscipit quo rerum. Voluptatem accusamus qui commodi.', 14.9, 15.2, 4.1, 440, 2005, 2872, 696),
(9686, 'Laborum suscipit veritatis nihil', 'spanish', 'Rem ut mollitia recusandae aut. Dolor sapiente odio nobis sed rerum. Voluptas ex provident qui. Voluptas quia ut sed nesciunt id.', 27.5, 25.4, 1.5, 156, 1992, 8072, 9646),
(642, 'Ipsum tempora perspiciatis', 'portuguese', 'Impedit dolorem est omnis deserunt at. Exercitationem illum totam. Ea distinctio ea quaerat accusamus natus. Itaque aperiam atque distinctio.', 27.2, 9.1, 1.7, 193, 1986, 2996, 7673),
(5009, 'Labore illo fugit', 'arabic', 'Ullam vitae nemo in aut vitae laboriosam. Labore sapiente eius odio sequi. Nulla minus quo. Totam sed eum sint porro unde necessitatibus autem. Eaque praesentium quis et aliquid iusto facilis.', 13.7, 5.2, 2.4, 534, 1998, 6700, 6520),
(8333, 'Rerum ab modi', 'russian', 'Quidem sit sit eligendi et ipsum. Porro sint et inventore eaque. Qui hic aut optio rerum ut animi consequatur.', 13.9, 27, 2.9, 231, 1989, 8003, 8246),
(198, 'Autem molestiae nesciunt', 'armenian', 'Sunt et corporis doloremque aut. Quia velit ipsum animi nisi facere laudantium est. Corporis iure ipsa ipsam quia.', 19.1, 16, 3.5, 505, 1974, 6163, 4583),
(4723, 'Minima ex omnis distinctio', 'russian', 'Velit et harum perspiciatis. Est officia eaque est qui odio pariatur aut. Ut illum quam. Sunt architecto et natus.', 23.8, 14, 5, 164, 1990, 2996, 9646),
(5234, 'Itaque sed eaque consequuntur', 'portuguese', 'Pariatur aut aliquid ut temporibus sint veniam. Ipsa magnam minima voluptates molestiae eos. Dolorum modi omnis veniam assumenda numquam quia.', 16, 7.2, 3.3, 424, 1973, 2780, 696),
(6265, 'Voluptates nisi quod', 'belorussian', 'Sit cumque aut aliquam. Qui rerum consequatur possimus quis tempora aliquid. Quod sit vitae nihil harum est qui molestias. Et odio at.', 32.9, 22.9, 3.2, 589, 1976, 581, 7927),
(163, 'Autem provident velit et', 'polish', 'Occaecati perspiciatis officiis facilis ab. Ut quia doloremque sit natus odio omnis ut. Recusandae in dolore omnis. Et necessitatibus deleniti commodi.', 33.2, 12.2, 1.5, 551, 1974, 1067, 696),
(9016, 'Alias repellat neque', 'french', 'Reiciendis harum velit. Voluptatem nesciunt quod eveniet asperiores. Sit recusandae dolorem voluptatem. Laborum labore dolores.', 11.8, 24.8, 3.1, 860, 1997, 2780, 7927),
(3042, 'Voluptatum quo ut', 'french', 'Vel tempore aperiam est aut sequi. Voluptatem consectetur ad accusantium quia. Qui voluptas id tenetur quasi in vero corporis. Quis similique voluptatem et quibusdam dolore labore.', 7.3, 24.7, 4.4, 545, 1982, 2780, 696),
(8814, 'Dicta tempore eum', 'belorussian', 'Omnis eos et. Nulla sequi est. Cum occaecati ipsum qui nam deserunt facere. Provident id earum ducimus quam aut eum. Corrupti tenetur reprehenderit laudantium qui suscipit aliquid et.', 12.2, 23.9, 2.7, 111, 1996, 6700, 7673),
(4400, 'Quia eum enim', 'arabic', 'Et doloremque nobis consectetur odio et sunt accusantium. Vero autem velit quis unde rerum enim. Commodi iure doloribus nesciunt unde vero. Quia ex molestias. Corrupti perspiciatis in.', 22.4, 33.2, 1.7, 779, 1978, 4557, 7927),
(2242, 'Voluptatum iusto sit et', 'armenian', 'Explicabo vel porro et eos. Delectus officiis eveniet explicabo. Ut temporibus minima hic temporibus fugiat. Debitis tenetur maxime consectetur beatae accusamus minima.', 9.4, 26.3, 1.7, 343, 2012, 5248, 8246),
(4163, 'Porro ut et', 'croatian', 'Cumque nostrum nesciunt. Excepturi autem tempora autem et occaecati tenetur. Illum blanditiis labore nesciunt. Omnis velit ab sed. Omnis in sit nostrum voluptas.', 8, 10.1, 4.9, 553, 1972, 9784, 8246),
(3461, 'Quos quae quis', 'croatian', 'Explicabo earum eum ut vitae. Alias corporis odit velit eaque. Similique voluptatem ut blanditiis quia earum. Eum et temporibus quis eaque possimus est eum.', 8.3, 34.1, 2.8, 334, 1990, 9784, 696),
(7680, 'Aliquam et adipisci', 'french', 'Placeat consequatur aut. Accusamus consequuntur facilis nisi enim dolorem fuga. Qui eum voluptate aliquid qui maxime vero accusantium.', 32.6, 33.6, 1.8, 151, 1988, 8003, 7673),
(107, 'Sunt cum dolorem', 'farsi', 'Rem ut sit officia veniam quia. Consequatur accusantium ea aut non voluptatem nesciunt ut. Sit dolore laudantium incidunt dolore cum consequatur dolor.', 5.1, 24.5, 1.1, 198, 2000, 8003, 9646),
(7451, 'Dolorem aut rerum', 'portuguese', 'Qui laudantium porro sed sequi dolores quia sed. Aut soluta rem non. Veritatis et facere qui eum non. Dolorem dolores et illo ut unde fugit id. Voluptatem ut voluptatem tempora at.', 16.2, 14.7, 1.9, 306, 1986, 2996, 8111),
(499, 'Voluptates deleniti tenetur', 'armenian', 'Dolor et asperiores repudiandae ea. Nisi beatae delectus aliquid. Ea quis repellat voluptatem hic amet sunt provident. Ab corrupti sint dolore.', 6.5, 12.7, 1.2, 526, 1990, 581, 7673),
(3408, 'Animi velit corrupti', 'croatian', 'Sapiente velit quasi magnam. Impedit dolorem culpa iure aut fugit libero omnis. Asperiores aut et aut et voluptas. Hic deleniti accusamus beatae labore. Dolorum aliquam ad rerum non est et.', 11.7, 14.2, 3.3, 256, 1978, 3159, 2559),
(4904, 'Voluptatum beatae doloribus', 'armenian', 'Modi deserunt quasi. Sed sit dolor consequatur omnis laboriosam aut. Aut nam delectus repudiandae. Error expedita consequatur quia ipsa delectus veniam. Nemo ipsa aut doloribus saepe.', 31.1, 16, 3.3, 201, 1989, 6381, 4583),
(1151, 'Soluta nesciunt ex', 'urdu', 'Aut alias sit. Omnis ut voluptatem. Velit non accusantium ut. Illum perferendis nisi ducimus iure non necessitatibus aut. Minima possimus fugiat cumque.', 7.4, 23.3, 2, 112, 1979, 1067, 7927),
(2014, 'Est est et', 'german', 'Hic debitis veniam temporibus. Deserunt cumque similique repudiandae. Alias voluptas esse sit ipsum doloribus.', 12.1, 17.6, 4.5, 44, 1995, 2872, 7673),
(5089, 'Blanditiis quia aspernatur', 'russian', 'Unde ut molestias dolor ipsum voluptatem nisi perspiciatis. Aut hic voluptatibus repellat et recusandae. Voluptatem odit libero itaque voluptas dolores.', 12.9, 33.5, 3, 613, 1985, 9784, 7673),
(8882, 'Ea quasi amet', 'farsi', 'Qui dolor autem necessitatibus laboriosam possimus vero. Nihil veniam dolore. Iusto quis laudantium placeat similique. Nulla dolorum quia voluptatem.', 6.8, 10.8, 3, 714, 1971, 5257, 8246),
(2350, 'Nesciunt facilis aut', 'german', 'Temporibus porro illum qui optio nemo qui neque. Cumque aut dolore unde sed voluptatum ut. Officiis ducimus repellat sit rerum dignissimos ut. Illum perferendis ut laboriosam sint possimus. Vel itaque ullam in repellat aut.', 34.3, 29.3, 3.7, 736, 1998, 6136, 2559),
(6857, 'Nihil fuga possimus', 'chinese', 'Eaque error sapiente eius itaque vitae porro. Facilis eum rerum expedita aut aut enim. Illum ut atque modi id soluta.', 27.8, 16.3, 3.5, 556, 1986, 9100, 8111),
(4938, 'Omnis dignissimos est iusto', 'chinese', 'Voluptatibus perspiciatis incidunt recusandae veritatis iusto. At aut dolorem quibusdam reiciendis officiis quia. Suscipit id recusandae.', 14.9, 25.2, 4.3, 462, 1979, 6163, 7927),
(9734, 'Dolores omnis nulla', 'urdu', 'Accusamus et rerum. Explicabo expedita iste non. Sed non facilis velit repellendus aliquid.', 8.4, 20.9, 3.3, 385, 1970, 9494, 9646),
(2065, 'Fugiat sapiente autem tempora', 'farsi', 'Libero consequatur est porro enim qui. Facere quis ab vero dolore nihil placeat. Ipsam laborum non sed qui perferendis. Quae natus assumenda qui ad dolorem ea.', 6.2, 33.5, 4.9, 345, 1992, 5648, 696),
(6591, 'Et praesentium dolores', 'portuguese', 'Voluptatem sed aut. Facilis rerum aut. Ipsa ad consequatur omnis. Eaque aliquid dolorem.', 5.9, 25.4, 2.8, 525, 1978, 581, 6520),
(4517, 'Sit libero possimus omnis', 'spanish', 'Laudantium dicta quia et et. Illum impedit voluptatum consectetur. Atque vitae culpa voluptate molestiae. Ipsa omnis voluptatum perferendis. Sit ducimus nihil consequatur asperiores.', 6.6, 25.3, 4.5, 103, 1998, 581, 7927),
(4166, 'Earum est optio voluptas', 'chinese', 'Illum dolorem debitis ipsa veritatis tempore consequuntur. Laboriosam expedita dolore dolorum. Labore rerum molestias. Libero qui dolor et qui ab facere.', 23.5, 31.1, 1.7, 202, 1980, 1003, 2559),
(7989, 'Officia rerum numquam', 'farsi', 'Voluptatum dolorem quis accusamus id est. Omnis facere nobis sed. Aperiam repellat ut quis. Qui quae distinctio autem. Sapiente magni qui aperiam sed quisquam voluptas.', 20, 33.9, 3.7, 665, 1974, 5257, 8246),
(253, 'Aperiam quas ducimus ducimus', 'russian', 'Atque molestiae consequatur officia eos. Omnis voluptatum odit explicabo qui nemo earum. Nostrum eius aut ducimus. Culpa quo expedita delectus animi mollitia accusantium eos.', 32.4, 24.5, 2, 102, 1977, 1050, 9646),
(618, 'Et id ex', 'farsi', 'Sit molestiae dolores sed odio optio repellat. Repellendus natus id omnis eius. Eaque exercitationem eos voluptatem et.', 5.7, 16.4, 3.1, 958, 2001, 1709, 7318),
(9344, 'Corrupti aut nam', 'polish', 'Ut eos eius ex quo voluptas error. Qui unde qui assumenda ut nam adipisci. Sit incidunt sint sit est et tempora.', 23.9, 12.5, 4.2, 319, 2009, 3159, 7927),
(3191, 'Vel sit quaerat illo', 'ukrainian', 'Culpa animi quis quo. Modi officiis et qui vero voluptate possimus. Omnis quasi esse et.', 32.3, 14.9, 2, 549, 1990, 6163, 9646),
(7592, 'Officiis ab et sit', 'urdu', 'Tempora culpa eos. Ab facere dolore vitae ea. Cum ipsum dolores aut sit.', 17.5, 11.3, 1.3, 830, 1984, 6163, 8246),
(2919, 'Quam aliquam explicabo', 'german', 'Nihil temporibus maxime quaerat omnis provident. Eligendi cumque voluptatem eos sed accusamus. Eaque earum qui. Aspernatur non quos debitis et est. Aliquam quia numquam itaque sapiente natus velit.', 10.3, 15.9, 3.2, 592, 1986, 9713, 8111),
(443, 'Non quaerat magni autem', 'chinese', 'Libero fuga quia sint ipsam impedit. Consequatur exercitationem vero mollitia alias quas animi. Fugit quam provident rerum necessitatibus quo in autem. Cum ut nam. Quia officia nobis consequatur omnis eum temporibus at.', 5.6, 17, 2.9, 286, 2007, 8003, 7318),
(5145, 'Et et dicta', 'belorussian', 'Voluptatem vel aut enim. Nisi sit dolorem voluptas voluptas et ea aspernatur. Aut sunt quis et animi. Nobis voluptatem est velit. Quis perferendis possimus corporis.', 17, 33.6, 3, 854, 2007, 6163, 696),
(458, 'Quia eveniet eos reiciendis', 'english', 'Sapiente rerum ab. Incidunt repellendus deleniti ea facere ipsum natus nostrum. Reprehenderit consequuntur nihil. Doloribus quos aliquam excepturi culpa voluptate quas. Laboriosam facere et iusto quas.', 25.9, 20.9, 1.8, 508, 2017, 7333, 2559),
(6786, 'Optio doloremque perferendis', 'french', 'Neque laudantium amet eum ut ipsa et excepturi. Odio enim voluptas dicta. Deserunt ullam autem. Qui maxime necessitatibus.', 31.1, 11.5, 1.7, 684, 1980, 6381, 7927),
(7512, 'Tenetur quasi quos natus', 'ukrainian', 'Rerum pariatur inventore laborum enim repellat. Et tempore praesentium omnis quidem saepe magnam. Eum accusantium ducimus omnis inventore ducimus. Dolorem et delectus ut.', 18.4, 5.7, 3.8, 678, 1977, 9682, 7927),
(1749, 'Sequi asperiores sint neque', 'polish', 'Voluptates enim rem voluptatum et voluptatem temporibus laborum. Dolorem molestiae quibusdam laudantium autem dolore illum. Molestias molestias voluptatem qui explicabo.', 21.6, 11.9, 4.9, 12, 1992, 8952, 7927),
(6032, 'Harum accusamus porro', 'arabic', 'Delectus ipsum odit eum natus impedit inventore officiis. Eligendi in aut tenetur reprehenderit molestiae optio beatae. Dolorem repudiandae sint qui. Provident omnis corrupti reprehenderit nostrum vero.', 15.5, 13.4, 2.1, 113, 1973, 8674, 8111),
(7095, 'Fugiat magni molestias ipsum', 'belorussian', 'Rerum omnis cum tempore facere corrupti nisi amet. Neque debitis unde nisi dolores quia iste. Non blanditiis omnis optio consequatur quo reiciendis. Debitis qui quod voluptas qui enim tenetur. Et et ipsam.', 12.7, 12.7, 2.1, 70, 1998, 6915, 7927),
(4473, 'Nemo ipsa ipsam', 'chinese', 'Ut ullam voluptatem illo est explicabo. Molestiae velit et quia dolores itaque. Vel laborum consequuntur.', 32.1, 24.8, 4.8, 42, 1985, 5397, 8111),
(4631, 'Est impedit autem voluptate', 'polish', 'Amet iure est quo modi accusamus. Ea hic id excepturi nisi. Qui est esse. Quasi quam doloribus et necessitatibus aut inventore sequi.', 18.3, 29.2, 3.2, 369, 1974, 481, 696),
(1858, 'Voluptatibus recusandae iure et', 'english', 'Et quis eum aut iusto maxime dolor. Qui quis quis consequatur ea. Sed ut minima assumenda. Libero sint hic.', 14.9, 31.9, 4.9, 34, 1986, 8674, 696),
(4796, 'Pariatur a qui', 'farsi', 'Est et aspernatur. Necessitatibus adipisci ab officia et non nihil facere. Et doloribus velit architecto dolorem.', 7.2, 26.3, 2.9, 257, 1992, 5257, 8246),
(5989, 'Necessitatibus vel qui', 'russian', 'Laborum quod quia. Consequuntur molestiae eveniet qui voluptas vel totam. Sapiente esse nostrum atque nihil. Libero exercitationem cupiditate aperiam ipsum ut.', 25.5, 21.6, 1.1, 742, 2014, 3159, 6520),
(3271, 'Aperiam deleniti cupiditate', 'armenian', 'Dolore aperiam sequi tenetur. Ut eveniet ex sit accusantium dolores non maxime. Est minus vitae.', 24.6, 16.4, 4.4, 528, 1993, 3378, 7318),
(2303, 'Aspernatur distinctio harum', 'ukrainian', 'Aut ut maxime minima qui qui officia et. Et asperiores delectus et aut est inventore. Dolorem est non deleniti. Voluptas debitis dolor itaque. Ipsam aperiam aspernatur soluta aut assumenda.', 30.8, 11, 4.7, 669, 2017, 2335, 7927),
(7441, 'Suscipit et cumque', 'russian', 'Natus quo eius laboriosam assumenda ut quia voluptatem. Similique modi rerum error ipsum. Unde modi et delectus sed odit est. Recusandae optio vitae perferendis. Velit sed libero sapiente dolorum sint porro.', 34.3, 17.9, 2.1, 268, 1983, 5248, 4583),
(3695, 'Occaecati velit soluta', 'russian', 'Culpa excepturi nobis esse. Tempore nobis et cumque. Illum voluptates eveniet.', 34.5, 6.8, 1.4, 178, 1985, 2526, 8246),
(4045, 'Et quod nisi odio', 'croatian', 'Sit voluptates deleniti. Porro facilis quisquam temporibus. Est earum atque esse in et. Sed et at dicta nemo quia. Perferendis fugiat qui quia ut voluptate.', 31.5, 7.8, 2.3, 506, 1986, 4043, 2559),
(9861, 'Voluptatem animi voluptatem', 'portuguese', 'Ea et eos omnis nihil. Natus neque debitis autem sed. Expedita minus a rerum earum et non. Commodi enim perferendis magnam et est magnam.', 6, 18.1, 3.9, 928, 2010, 581, 7927),
(5888, 'Minus voluptatem qui', 'urdu', 'Hic quam cum aut dicta blanditiis minima aliquid. Dolor nulla in esse quasi blanditiis est cupiditate. Et atque hic voluptas cumque assumenda.', 16.9, 10.1, 3.2, 352, 2016, 8072, 7673),
(6886, 'Id doloremque ea omnis', 'arabic', 'Voluptas ipsa dolores. Sapiente incidunt laboriosam consequuntur repellendus dolores illum voluptatem. Molestiae tenetur accusamus optio nisi. Omnis doloribus in hic at voluptas.', 14.9, 15.5, 2.5, 941, 1989, 798, 6520),
(6283, 'Commodi necessitatibus voluptate', 'urdu', 'Numquam perspiciatis voluptate dolore magni nostrum. Inventore cum consequuntur officiis modi. Facere nesciunt asperiores id ad architecto quo consequuntur. Dicta facere debitis excepturi impedit.', 6.5, 6.9, 1.3, 979, 1994, 1224, 7673),
(8354, 'Dolore cupiditate numquam impedit', 'armenian', 'Corrupti dolor eos quo ex praesentium. Excepturi possimus maiores. Et facere blanditiis omnis corporis voluptatem.', 12.1, 30.2, 4.1, 576, 2016, 3083, 4583),
(3726, 'Deleniti occaecati quae', 'belorussian', 'Excepturi doloremque et dolor. Quos ullam doloribus dicta quia asperiores enim. Quos eos dolor labore. Eos assumenda rerum rerum similique et. Repudiandae voluptate vero dicta reiciendis aut.', 13.1, 5.5, 1.5, 148, 1998, 3083, 8111),
(5758, 'Suscipit magni velit', 'german', 'Ipsum quos et esse quisquam voluptas. Est amet est expedita assumenda ratione. Ut molestias quae consequatur quis ad modi.', 7.3, 5.4, 1.7, 534, 1972, 8674, 696),
(1799, 'Quas ullam maiores', 'german', 'Dolor natus provident sit et alias suscipit. Eum ad error officia sint non. Est voluptatibus explicabo animi nam quis quos deleniti. Id eos sit.', 23.7, 22.5, 4.1, 142, 2011, 1003, 7318),
(3502, 'Soluta aut consectetur', 'english', 'Quas temporibus est voluptatem quam rerum repellat. Consequatur est cupiditate quidem quis. Dolores modi corporis ducimus voluptas nulla beatae omnis.', 25.3, 7.6, 4, 423, 1993, 3159, 4583),
(5496, 'Error reiciendis odit recusandae', 'farsi', 'Perferendis dolorum assumenda iste. Quia occaecati repudiandae id iste aut debitis. Rem excepturi nihil modi ab.', 13.4, 16.5, 3.8, 648, 1998, 1050, 7927),
(9762, 'Iste minus quisquam', 'armenian', 'Quo velit soluta ea aut vitae. Nesciunt qui est maxime cum excepturi laboriosam. Velit corporis voluptatem omnis assumenda iste aut. Illum quam blanditiis similique tempore. Illo quo provident nulla qui itaque ipsum quia.', 17.5, 30.8, 3.5, 369, 1997, 5115, 8246),
(5935, 'Unde quis eum', 'arabic', 'Sapiente voluptatem modi ex qui vitae facere. Cum architecto nisi alias ut dolores placeat consequuntur. Ea ut eaque aut. In quibusdam dolore minus consectetur qui odit.', 15.3, 5.1, 3, 415, 1992, 1365, 8246),
(571, 'Odio nesciunt sit reprehenderit', 'english', 'Sed dolores culpa quo architecto suscipit hic. Voluptas delectus mollitia accusamus. Rerum praesentium sint recusandae id tenetur et reprehenderit. Consequatur vitae officia consequuntur quam accusantium quam consectetur.', 14.6, 34, 4.8, 536, 2013, 6163, 8246),
(4308, 'Rerum sed cupiditate consequatur', 'arabic', 'Perspiciatis a non esse. Quia quisquam quia doloribus consequuntur harum ducimus. Aliquid atque nesciunt sit. Nam est asperiores unde veniam.', 29.8, 15.1, 2.8, 553, 1977, 9713, 696),
(9428, 'Et odit maxime', 'english', 'Cupiditate quas corporis. Dicta quaerat optio ex vero consequatur quia. Adipisci est inventore omnis et. Quis vel necessitatibus.', 9.4, 8.4, 3.3, 306, 2012, 481, 8246),
(9161, 'Reiciendis velit voluptatem', 'polish', 'Modi possimus et animi excepturi. Omnis excepturi sint suscipit. Mollitia hic quaerat natus rerum eos. Culpa adipisci et quis ratione maxime. Sit assumenda qui.', 29.5, 9.8, 4.5, 550, 1991, 8674, 7318),
(726, 'Rerum harum et', 'ukrainian', 'Laudantium dolores nihil commodi est nulla. Quia sint sit. Ipsum tenetur exercitationem alias corporis aut voluptatum. Molestiae dolor iure. Corporis optio ut ratione.', 15.6, 12.5, 4.7, 250, 1978, 2872, 8246),
(1763, 'Id amet explicabo', 'belorussian', 'Unde consequatur ad quaerat magni aut. Molestias laboriosam nobis maxime non. Possimus repellendus voluptatum explicabo. Incidunt minima dignissimos quo reiciendis magnam.', 5.3, 29.1, 1.9, 411, 2018, 2872, 696),
(9660, 'Vitae eaque consequuntur', 'german', 'In blanditiis commodi doloremque adipisci. Nemo optio eaque ea rerum et. Quos voluptas rerum.', 20.8, 16.9, 1.5, 142, 2018, 5248, 9646),
(937, 'Sint quis molestiae', 'english', 'Asperiores doloribus quibusdam est similique et. Consequatur earum assumenda assumenda quia alias. Sint illo quidem ratione velit labore reiciendis nam.', 21.2, 5.3, 4.9, 293, 1972, 1968, 2559),
(6472, 'Repellat inventore eum in', 'english', 'Praesentium dolorem ut. Consectetur dolor amet consequuntur explicabo et animi corporis. Quo omnis et dolore et impedit ut. At rerum ut ab aut est molestias perspiciatis. Nihil explicabo eum beatae ducimus.', 7.4, 34, 1.9, 736, 1998, 2335, 6520),
(708, 'Voluptatibus deserunt nulla', 'english', 'Nobis eveniet pariatur possimus sequi eos commodi. Provident quaerat corrupti dignissimos eveniet. Laborum eveniet possimus necessitatibus blanditiis in. Voluptates rerum aut qui est et.', 21.4, 5.3, 1.4, 318, 1989, 5257, 696),
(4946, 'Nobis quibusdam eos doloribus', 'armenian', 'Et maiores ratione omnis qui non necessitatibus sed. Quod ut ut et cumque est. Aut sint dolore quisquam maiores ut.', 27.2, 18.1, 2.1, 981, 2000, 1365, 7318),
(7393, 'Dignissimos consectetur commodi culpa', 'chinese', 'Quo iste cum quia. Alias sint hic quam in vel itaque ipsum. A exercitationem qui sit velit aut neque quaerat. Dolorem reiciendis ea aut ipsa quos et saepe. Eos eos deleniti laborum ut quis ipsam eius.', 8, 33.7, 2.3, 229, 1991, 1003, 6520),
(3519, 'Labore consequatur eum', 'urdu', 'Illum ut porro. Et voluptate nulla maxime cumque eligendi asperiores molestiae. Aut at architecto. Natus voluptas voluptas nobis dolores iure fugit at.', 15, 9.2, 3.7, 282, 2003, 798, 7318),
(3018, 'Est reprehenderit nisi', 'portuguese', 'Exercitationem quibusdam voluptates totam qui adipisci ut et. Eos quae atque aliquid. Suscipit velit voluptas aut. Reprehenderit assumenda in vitae qui voluptatibus laboriosam asperiores.', 34, 17, 2.3, 251, 1984, 5115, 7318),
(3939, 'Suscipit cum molestias quo', 'german', 'Aspernatur incidunt inventore necessitatibus quasi. Architecto perferendis labore occaecati qui ea consequuntur. Quasi inventore nemo totam. Qui at sed soluta praesentium. Est placeat dolores pariatur quia.', 27.9, 22, 3.7, 826, 1998, 1067, 7318),
(4109, 'Soluta aspernatur aut veritatis', 'arabic', 'Ipsam architecto laudantium qui. Tempora esse repudiandae sequi et incidunt. Sed alias excepturi reprehenderit dignissimos earum. Natus velit sit tenetur. Occaecati deserunt est et qui.', 12.2, 27.1, 3.2, 669, 1991, 1347, 8111),
(1408, 'Non qui a', 'german', 'Et hic veritatis dolores enim. Eum nemo soluta. Nostrum doloremque et. Enim libero tempore quisquam earum maxime. Quos aspernatur consequatur deserunt enim omnis molestiae.', 31.5, 25, 2.1, 302, 1991, 7333, 7673),
(6648, 'Tenetur harum ut', 'russian', 'Minima voluptatem quia quo error ipsum voluptas. Voluptatem pariatur debitis. Nam voluptas modi facere. Officia quo quo magnam quas.', 34.3, 9.7, 3.2, 454, 1999, 9713, 6520),
(5021, 'Deleniti autem quia perferendis', 'belorussian', 'Omnis odit enim tenetur quam possimus aut molestiae. Et voluptate atque tempora reiciendis. Ut saepe et libero molestias sit dolorum. Culpa ea et accusamus ullam laudantium dolor. Voluptates quia eos.', 15.5, 19.6, 3, 520, 2010, 9784, 8246),
(3232, 'Excepturi veniam quia', 'urdu', 'Consequatur quis veniam aliquam soluta aliquam non aperiam. Natus eos quia omnis temporibus libero et. Voluptatem est et qui temporibus sequi quo. Voluptas velit autem dolores. Consequatur est facere.', 8.4, 30.6, 2.6, 577, 1984, 8674, 696),
(6071, 'At ducimus et', 'chinese', 'Enim nulla dolore voluptatem. Quia sit molestiae. Quis in quae cumque in. Placeat sit fugit nulla iusto. Voluptatem qui perspiciatis accusantium sint.', 15.2, 13.1, 4.1, 593, 1975, 2872, 7927),
(1265, 'Enim sit expedita', 'english', 'Et ea unde adipisci voluptatem. Deserunt consequatur et distinctio consectetur et. Impedit dolores fugit fuga distinctio aut.', 27.2, 6.7, 4.9, 601, 2001, 798, 9646),
(3175, 'Sint dolorem rerum sint', 'french', 'Delectus sint quia recusandae dolor. Quaerat est voluptatem qui est voluptas. Voluptatem voluptatum sunt omnis repudiandae ea ducimus atque. Sed optio est optio qui necessitatibus quam.', 32.7, 14.9, 2.4, 476, 2004, 6136, 4583),
(4380, 'Reiciendis ullam numquam', 'english', 'Nobis in incidunt voluptas accusamus atque quia. Eum deleniti quos beatae. Enim sit earum nemo officia alias.', 8.2, 18.1, 3.2, 637, 2009, 1709, 8111),
(5593, 'Aut ducimus corporis', 'german', 'Nihil qui explicabo laborum. Voluptatem pariatur officiis fugiat perferendis. Assumenda dolor molestias.', 16.3, 7.1, 2.8, 517, 1975, 581, 4583),
(1558, 'Accusantium molestiae aut', 'belorussian', 'Et labore dolorum eaque. Dolor dolores est et. Reprehenderit id vel qui.', 27.3, 33.5, 1.4, 312, 2004, 2996, 6520),
(8995, 'Qui excepturi est', 'russian', 'Ex quam dolores laudantium. Modi nam sunt unde esse et vero. Aut aperiam rerum. Sed sunt ut animi earum aut voluptatem. Explicabo perspiciatis neque ipsa nesciunt eos tempore et.', 15.8, 29.3, 4, 162, 1980, 3378, 8111),
(1125, 'Voluptatem dolorem facere', 'french', 'Qui saepe alias asperiores itaque non. Doloribus dolorum sint quidem dolorem totam quae. Temporibus ut qui magni et. Ex laudantium est expedita. Voluptas nostrum maxime qui libero expedita.', 18.9, 23.5, 3, 370, 1972, 1003, 7927),
(4105, 'Sit distinctio unde', 'french', 'Et incidunt corrupti omnis quae maxime. Eaque et praesentium voluptatum et enim. Magnam ea possimus. Placeat eveniet sapiente est corrupti sit at dolor.', 20.9, 29.5, 4, 936, 1997, 6163, 9646),
(3500, 'Eaque explicabo sint qui', 'french', 'Pariatur et tempore. In ducimus sunt et. At ullam ratione illo.', 31.8, 13.2, 1.4, 178, 1989, 8952, 9646),
(6340, 'Exercitationem nulla rerum', 'french', 'Amet sit ipsa qui veritatis. Provident cupiditate assumenda et. Saepe voluptatum velit amet tempore maxime. A nobis itaque nisi nam quasi rerum sapiente. Quod et et distinctio sapiente est aut.', 11.8, 34.4, 1.3, 357, 1992, 1347, 7673),
(9737, 'Quia unde commodi', 'urdu', 'Vel qui et reprehenderit. Sit omnis omnis in explicabo voluptatum veritatis. Omnis porro voluptate culpa aperiam autem aspernatur. Omnis et quia dignissimos. Ea rerum veritatis a sed.', 5.8, 20.2, 1.3, 559, 2006, 9100, 7318),
(9226, 'Expedita quae et', 'portuguese', 'Ad vero ex et. Aut eos asperiores molestiae harum omnis. Architecto maiores sed vero nihil commodi tempora et.', 28.4, 23.9, 1.5, 882, 1975, 7738, 4583),
(7690, 'Sit minus in nam', 'croatian', 'Consequatur quae mollitia doloribus mollitia. Minima in velit rerum. Neque deleniti voluptatibus earum voluptas totam. Culpa saepe qui est ullam ut. Aspernatur explicabo rem quia.', 7.1, 32.3, 2.5, 382, 2012, 2996, 8111),
(9792, 'Vero voluptatum exercitationem', 'german', 'Autem libero sit quaerat sunt voluptatem veniam. Unde aut rem. Reiciendis sit veritatis ut voluptatibus sed.', 33.9, 34.2, 1, 632, 2009, 7738, 696),
(1064, 'Voluptatibus quam ea', 'urdu', 'Sit at assumenda facilis cupiditate dolore officiis at. Provident suscipit et et alias. Ipsam est earum. Quos iure impedit voluptatibus facere.', 30.8, 25.8, 2.3, 470, 1980, 4448, 8111),
(8342, 'Ut ab modi corrupti', 'arabic', 'Est omnis facere sapiente et dolorum. Est iste assumenda voluptatem impedit quisquam est. Beatae occaecati nihil maxime magnam.', 31, 15.4, 4.6, 527, 2002, 8072, 8246),
(3610, 'Soluta maxime ipsa eum', 'english', 'Nam eius harum. Odio neque voluptate nesciunt. Magni in ut qui quam. Laborum incidunt totam quo quis quibusdam porro.', 23.1, 23.7, 1.9, 658, 2016, 7738, 2559),
(8383, 'Repellendus voluptas possimus ut', 'russian', 'Recusandae dolor sed. Illum voluptatibus assumenda quia qui odit. Corporis eius et laboriosam quae. Amet natus error in porro fugit natus fuga. In ratione voluptate error voluptatem ad magnam.', 13.3, 9.9, 4, 227, 2017, 5115, 8246),
(5625, 'Rerum quia at sed', 'chinese', 'Ducimus repellendus ipsa facilis ea molestias sunt maiores. Consequatur sit aut. Corrupti assumenda libero aut quia harum repudiandae sit.', 17.7, 28.8, 1.6, 839, 2015, 4878, 7318),
(8173, 'Sit ea id ea', 'armenian', 'Qui recusandae dolore rerum. Consequatur voluptas accusamus dolorem perspiciatis. Et fugiat aut.', 22.1, 33.7, 2.9, 438, 1976, 4878, 7318),
(8463, 'Illo modi vel', 'farsi', 'Neque numquam sint possimus. Qui voluptatem labore voluptatem ipsum esse quisquam. Consectetur earum qui porro quo voluptates nobis et.', 18.4, 15.5, 2.8, 877, 1978, 1224, 2559),
(5200, 'Similique dolor quo commodi', 'german', 'Neque quae cumque laborum aut labore autem animi. Quis ut velit odio adipisci cumque at enim. Esse officia dolores. Quia dolore vitae. In velit eum molestiae quos.', 11.8, 9.4, 2.4, 233, 2013, 6915, 2559),
(9001, 'Maiores fugiat praesentium', 'croatian', 'Vitae ut nam. Iste dicta eligendi et. Assumenda nihil mollitia. Nesciunt commodi qui architecto inventore maiores.', 15.4, 30.9, 2.9, 224, 1974, 9682, 9646),
(8874, 'Id ratione reprehenderit', 'belorussian', 'Cumque qui accusantium. Qui deserunt omnis velit voluptatum consequatur. Voluptas et non atque commodi aperiam at.', 29.6, 27.2, 4.1, 934, 1994, 6136, 9646),
(7700, 'Quia non sed', 'portuguese', 'Culpa aperiam saepe velit praesentium alias. Eius magni et est. Odit et in eveniet ab deleniti itaque. Dolorum ullam non ut animi. Dolor et vel ea officiis ducimus.', 23.6, 20, 3.4, 171, 2004, 1365, 7318),
(2774, 'Unde quia rem', 'portuguese', 'Maxime alias nihil sunt. Odio aperiam consectetur aut veniam. Sit fuga nostrum quis rem libero qui sit.', 10.6, 12, 4.5, 52, 1998, 2780, 6520),
(9820, 'Consequatur omnis nam', 'french', 'Amet nisi maiores. Nulla rerum culpa quis pariatur. Sed molestias beatae maiores dicta ut blanditiis qui. Ut consequatur asperiores aut cupiditate hic velit.', 28.4, 17, 4.6, 886, 1991, 4043, 4583),
(2581, 'Voluptatem asperiores dolor', 'ukrainian', 'Nemo nobis ex rerum nam odit aut. Et voluptatum minus et. Velit non non. Molestiae nemo omnis. Provident ut consequatur illo consequatur voluptas repudiandae magni.', 13.6, 6.7, 1.8, 468, 2018, 4885, 6520),
(433, 'Qui id est voluptatem', 'belorussian', 'Et animi porro sequi dolorem. Dolor harum sit et distinctio. Incidunt qui quia qui eligendi error et animi.', 23.2, 10.1, 1.7, 374, 1997, 2780, 6520),
(4133, 'Inventore fuga occaecati officia', 'urdu', 'Quia error ut consequatur et. Porro qui maiores sit. Nihil est voluptas dolores.', 15.2, 27, 3.3, 886, 2000, 4885, 6520),
(4763, 'Incidunt vitae nam', 'french', 'Iusto perferendis molestiae ut ut numquam. Debitis magni illum et sapiente. Non et voluptatum ipsa nemo excepturi officia. Sed vero aliquid libero. Sed enim voluptatum fugiat nostrum.', 8.8, 7.5, 3.5, 541, 1985, 1365, 696),
(3875, 'Amet est perspiciatis', 'farsi', 'In autem quo et et. Reprehenderit quam consequuntur. Beatae aut sed illo accusantium modi blanditiis. Et dolores non in doloremque sed id.', 6.1, 10.5, 2, 228, 1985, 8952, 4583),
(9690, 'Nisi corrupti quaerat qui', 'spanish', 'Temporibus ut numquam. Pariatur quo velit quia animi atque modi est. Sint autem quia voluptates.', 25, 31.1, 4.3, 741, 1995, 4557, 8246),
(9750, 'Error consectetur id in', 'urdu', 'Totam doloremque fugiat. Sunt minima excepturi sed qui iure voluptas. Odio fugit qui quam delectus vero accusantium earum. Dolorum ut fuga.', 13.1, 13.7, 3.9, 319, 1987, 9494, 7927),
(8461, 'Sed tenetur quaerat', 'arabic', 'Repellat impedit est tenetur ex. Est iusto qui. Rerum est consequatur. Id voluptatem facilis odio consequatur. Voluptatem tempore totam enim cupiditate.', 20, 26.9, 2.1, 668, 1998, 3159, 8111),
(1852, 'Id sit et', 'polish', 'Neque illum enim voluptatem id tenetur eos sit. Repellat ut voluptate dolore et sint. Totam in ea eligendi earum fuga quos. Consequatur labore aspernatur amet voluptatem neque quod. Laudantium aut et praesentium asperiores aut.', 15.8, 32.8, 4.7, 945, 1970, 4878, 8111),
(9779, 'Cumque rerum nam', 'ukrainian', 'Maxime ut voluptatum et nihil. Unde et dolorem. Aspernatur reiciendis dicta sint. Eius nobis dolor quam. Necessitatibus vero ex quo.', 32, 9.7, 2.8, 654, 1997, 8952, 7673),
(7134, 'Sint libero qui quas', 'russian', 'Magni impedit laborum. Sint temporibus nisi. Rerum consectetur voluptatem a facere. Veniam et inventore vel. Dicta aliquam incidunt ipsa voluptatem consequatur natus.', 25.7, 32, 3, 120, 2002, 1709, 8111),
(8641, 'Expedita enim nemo', 'english', 'Non quas et. Error culpa recusandae ut non facilis. Quo sint officiis nesciunt tenetur.', 28.8, 18, 2.3, 846, 1987, 6700, 7673),
(6003, 'Laborum aut error', 'croatian', 'Aut nobis temporibus odio non et enim. Sit libero eaque. Est quae nobis dolorem nemo aperiam vitae voluptatem. Vitae ullam ut dolor cum quam.', 31.7, 33.2, 1.9, 541, 2009, 1365, 8246),
(6946, 'Illo dolorem est', 'french', 'Alias qui consequatur maiores officiis voluptatem. Officiis saepe quae reiciendis aut numquam placeat. Quasi adipisci dolorum.', 11.9, 9.3, 3.7, 777, 1971, 1968, 8111),
(5732, 'Dolores voluptatem minima reiciendis', 'ukrainian', 'Incidunt ut et iste voluptates vel. Saepe et et saepe eaque molestiae at. Non asperiores beatae. Perferendis odio ut est vitae porro qui. Voluptas neque distinctio adipisci.', 16.7, 13.2, 1.9, 85, 1976, 481, 8111),
(3955, 'Eos quaerat quaerat ut', 'belorussian', 'Reiciendis soluta repudiandae delectus. Placeat ea eos veritatis in qui. Dolorem assumenda sed ratione. Voluptatem dolor fuga voluptas qui repudiandae. Ut autem at non molestiae vel ipsa.', 14, 21.8, 2, 655, 2018, 6700, 7927),
(3546, 'Sit tenetur illum', 'chinese', 'Inventore vel aut et atque consequatur. Illo voluptatem rerum distinctio. Placeat dolorem rerum natus aut eaque.', 19.2, 18.2, 3.8, 873, 1984, 3083, 7318),
(9046, 'Qui enim quidem natus', 'urdu', 'Ratione dolores officia placeat dolores perspiciatis commodi. Nostrum laudantium libero dolorem recusandae iusto aliquam. Nemo ratione consequuntur eius ex et. Beatae delectus neque ut et aut ut natus.', 34.4, 18.7, 2.8, 767, 1975, 3659, 9646),
(7154, 'Ratione iste tempora', 'english', 'Quia ut aut aspernatur. Vero dolores iure magni est optio consequatur. Qui blanditiis iure nihil dolores quos repellat. Voluptatem voluptas qui ea eius perferendis qui. Quia quia porro quia omnis natus quos quia.', 18.7, 5.2, 4.6, 546, 2007, 6381, 7927),
(3687, 'Maxime est aliquam est', 'portuguese', 'Delectus ea repellat. Nobis rerum reiciendis dolor in. Quia quam exercitationem modi quibusdam ullam sapiente tempore. Eius sunt commodi.', 21.5, 21, 2.7, 643, 1989, 9784, 7673),
(7464, 'Vero voluptatem aspernatur', 'ukrainian', 'Reprehenderit autem ut necessitatibus natus totam consectetur soluta. Est nesciunt iure nihil tempora. Voluptas repudiandae aperiam harum beatae deleniti ullam rerum. Ut minima error et quasi.', 31.9, 19.8, 3.4, 810, 1976, 2872, 8246),
(7085, 'Velit praesentium nobis sint', 'english', 'Laborum dignissimos autem. Odio quo vitae iusto aut eveniet nihil. Quas cumque accusantium aliquam quod accusamus.', 5.6, 7.6, 1.7, 493, 1986, 6163, 696),
(2333, 'Architecto assumenda dignissimos', 'arabic', 'Esse et facilis et nulla. Omnis quisquam voluptatem molestias. Dolorum in veniam animi dolorum animi. Quia aut harum dolor dicta autem et. Delectus reiciendis in corrupti et aut.', 7.3, 28.4, 4.7, 152, 2005, 3083, 8111),
(9031, 'Dolorum architecto illo', 'russian', 'Maiores dolorem alias in harum voluptatibus. Ut recusandae impedit dolorum in accusantium nostrum. Nam inventore nobis a esse et. Recusandae aperiam voluptatibus vel ut rerum laboriosam.', 9.7, 7.6, 1.6, 639, 1976, 3159, 7927),
(1351, 'Quia quasi dolorem', 'arabic', 'Hic consequatur ratione numquam. Ipsum ipsum quia. Totam ut molestiae voluptas. Vel aut natus quas autem facere natus ad. Ex quo id repellat non molestiae.', 18.8, 33.3, 2.5, 831, 1997, 3192, 7318),
(5172, 'Nemo consequatur est nobis', 'english', 'Vel explicabo omnis. Fugit dolorem ut. Modi est ipsum vel illo hic commodi possimus. Laboriosam voluptatem earum corporis consequuntur debitis occaecati.', 22, 27.9, 4.9, 930, 1997, 9100, 9646),
(8467, 'Id vel eos temporibus', 'chinese', 'Quia ab ad totam. Sint et rerum. Iure iure sit nulla dolorem sit. In consequatur ut quam in. Voluptate ut molestias vel molestiae.', 20.4, 21.5, 1.3, 542, 1977, 9682, 696),
(3581, 'Molestiae dolorem consequatur delectus', 'armenian', 'Consequuntur iusto eius odio labore deleniti vel. Quo consectetur fugiat aspernatur quo. Id consectetur minima dicta sit debitis. In consequuntur veniam sapiente cumque corrupti maxime.', 14, 34, 4.6, 166, 2006, 6915, 7318),
(7354, 'Dignissimos fuga eligendi', 'russian', 'Suscipit veritatis et ipsam molestiae enim iure sed. Mollitia enim ipsum quae et. Itaque rerum excepturi aut quia quis.', 18, 34.2, 1.6, 865, 2018, 1050, 6520),
(6305, 'A ut quia quam', 'russian', 'Molestias et sapiente a quisquam molestias nam eligendi. Voluptatem provident explicabo. Expedita qui ipsum sit possimus ut. Aspernatur consequatur consequatur sit.', 13.6, 11.6, 2.5, 946, 1972, 9784, 7318),
(6537, 'Harum autem quisquam quam', 'armenian', 'Qui perspiciatis fuga quis similique. Rem necessitatibus ut rerum aliquid. Est numquam consectetur veniam eveniet. Non dolorum consectetur at ducimus aut vel officia. Enim vitae similique porro est.', 22.8, 30.9, 3.3, 166, 1981, 7333, 4583),
(9879, 'Consequatur ut facilis esse', 'portuguese', 'Culpa quae atque nemo ea. Nihil maiores sit animi sunt voluptas et aut. Modi totam illum natus nisi.', 31.7, 20.4, 1, 781, 1984, 8003, 7318),
(1274, 'Distinctio quas pariatur dolorem', 'croatian', 'Et distinctio aut minus assumenda et possimus. Tempora magnam minima soluta suscipit. Ut maiores non quae voluptas consequatur et.', 21.7, 22.3, 2.4, 118, 2005, 6381, 7927),
(4883, 'Commodi perferendis iste vitae', 'french', 'Tenetur et dolores accusantium error recusandae ab. Beatae sint ad et. Rerum pariatur atque maiores numquam.', 33.9, 21.9, 3.2, 959, 1971, 9494, 6520),
(3868, 'Itaque aperiam quaerat delectus', 'portuguese', 'Nisi qui est. Vel aut libero. Voluptates necessitatibus consequatur.', 21.3, 22.2, 1.4, 648, 1982, 4885, 7318),
(4710, 'Quia eos eos', 'armenian', 'Consequuntur repellat eveniet tempora velit. Sit quia nulla eligendi ea. Et quod ad est a quis.', 19.3, 6.5, 2.1, 453, 2014, 3083, 8111),
(8158, 'Accusamus enim soluta sed', 'russian', 'Aut nostrum soluta maxime eum. Voluptates omnis placeat aut id. Molestiae at quia mollitia aut nostrum.', 27.6, 26, 2.9, 65, 1979, 9682, 7318),
(7399, 'Placeat nesciunt aut', 'farsi', 'Repellendus dolores soluta adipisci qui illo sit. Possimus nulla architecto aut. Omnis ad ipsam.', 18.7, 31.2, 4.4, 532, 1977, 2335, 6520),
(2186, 'Tenetur harum tenetur', 'arabic', 'Ducimus harum ea velit. Cupiditate ducimus quis. Necessitatibus ducimus et et quis molestiae.', 16, 34.1, 3.1, 379, 1996, 3378, 8246),
(1434, 'Facilis quam sit', 'croatian', 'Dolorum et illo vero consectetur. Quo pariatur et. Dolor dolore magnam quas repudiandae deleniti optio autem. Est quia qui at doloribus est. Est nihil vel.', 13.3, 33, 3, 522, 1984, 4878, 7673),
(7800, 'Exercitationem in debitis', 'portuguese', 'Et repudiandae molestiae non est veniam et. Laboriosam illo corrupti. Illum dolorem vel quia sed.', 33.2, 5.6, 1.3, 466, 1989, 3378, 9646),
(3403, 'Corporis est itaque', 'chinese', 'Veritatis sed nobis ipsa facere aut delectus dolorem. Natus adipisci quos corporis totam aut recusandae est. Consequuntur nihil autem reiciendis sunt repellendus.', 16.2, 28.4, 1.8, 487, 1988, 5397, 4583),
(2110, 'Sequi ut quia', 'russian', 'Voluptate quia cum. Eveniet sit corporis consequatur aut consequatur. Voluptatum adipisci quibusdam aut sit dignissimos ex consequatur.', 31.9, 9.3, 2.6, 418, 2003, 2872, 8246),
(3737, 'Ea cum aperiam voluptatem', 'french', 'Dolores totam consectetur autem. Voluptatem et aperiam ducimus. Reiciendis odio laborum magnam sequi.', 22.8, 19.6, 1.6, 315, 1995, 1050, 6520),
(2586, 'Tempore enim qui', 'belorussian', 'Voluptatibus eos autem vero quibusdam. Maxime ut et dolor sed hic provident maxime. Assumenda accusamus natus aperiam id eveniet.', 23.9, 7.1, 3.7, 427, 2007, 5397, 6520),
(7412, 'Non et cumque', 'english', 'Est unde expedita facilis tempore. In aut fugit voluptatibus occaecati soluta reprehenderit quos. Ut eum nobis. Aspernatur dignissimos iste est non ut. Rerum est porro molestias ut et.', 28.7, 25.5, 2.4, 727, 1991, 6700, 2559),
(1239, 'Eum dolorem ullam', 'english', 'Et hic aut nostrum sint. Quod sequi labore quos laboriosam. Esse aperiam sed in tempora reiciendis cumque.', 34.2, 29.2, 2.3, 442, 2011, 1050, 7318),
(7382, 'Et est laborum necessitatibus', 'belorussian', 'Id omnis placeat officiis et. Aspernatur pariatur consectetur et. Quia enim ipsam placeat tempora odit sed. Vitae quis deserunt voluptatem fuga blanditiis qui.', 21.3, 26.8, 3.2, 595, 2004, 5115, 4583),
(3903, 'Illo odit magni et', 'arabic', 'Facilis ipsa laborum nobis natus. Eligendi ea adipisci et voluptatem voluptatem in. Ut doloribus tempora.', 9, 31.4, 2.9, 199, 2008, 4043, 696),
(2085, 'Occaecati aut commodi eos', 'german', 'Non veniam dolorem. Dolores quae corrupti repudiandae ratione similique ad. Soluta ea fugiat.', 8.2, 30.1, 2, 470, 1979, 7738, 9646),
(7124, 'In explicabo itaque', 'portuguese', 'Aut iure molestiae in minus. Et ut non necessitatibus aut. Optio incidunt magnam eaque esse. Voluptatem ipsa sit. Iure nobis eum sunt recusandae nulla quod.', 30.5, 5.4, 2.8, 971, 2011, 4043, 2559),
(5970, 'Eaque iusto aspernatur optio', 'armenian', 'Fuga nostrum illum. Ea doloremque culpa cumque. Quia delectus sed commodi nostrum quasi quibusdam. Tempora dolor sunt neque minima. Et laborum quae explicabo.', 28.2, 17.4, 1.3, 744, 1979, 5115, 2559),
(1626, 'Maxime rem sint', 'portuguese', 'Facere eum velit. Omnis sit qui facere quia. Omnis alias necessitatibus harum corporis enim porro nesciunt. Eum commodi et.', 5.2, 32.5, 3.8, 578, 2013, 1050, 4583),
(7897, 'Nostrum cupiditate accusantium', 'russian', 'Molestiae incidunt dolor. Non nesciunt quia beatae. Provident deleniti quia rerum quo. Voluptas eum animi.', 7.7, 21.2, 4, 972, 1976, 8952, 696),
(8356, 'Quam quod sed', 'chinese', 'Sed dolor sunt voluptates vel. At temporibus cumque ipsum id. Delectus possimus rem incidunt dignissimos.', 7.7, 17, 1.8, 710, 1984, 5648, 7318),
(1285, 'Cum iusto possimus aut', 'arabic', 'Rerum voluptatem ut ut consequatur ea voluptate. Error quo necessitatibus dignissimos. Eos omnis eius aut animi aut non architecto. Perferendis facilis voluptas.', 23.9, 8.3, 1.4, 139, 1983, 581, 7927),
(3133, 'Illo omnis et', 'farsi', 'Qui eos libero quia. Ut cupiditate provident praesentium eos et veniam. Perspiciatis in porro temporibus et illum sed et.', 28.7, 22.2, 4.3, 711, 1978, 1968, 4583),
(740, 'Fuga vel nam', 'urdu', 'Quibusdam qui veritatis ad praesentium et. Enim dolores iste sed sunt voluptas voluptatem dolorem. A voluptatum mollitia quo aut omnis. Quidem reiciendis veritatis laboriosam nostrum numquam soluta non. Rerum facilis molestiae aut natus.', 23.7, 6.5, 4.5, 958, 2014, 5407, 8246),
(5928, 'Est ut voluptas velit', 'russian', 'Est reprehenderit natus est. Hic vel qui. Voluptas dignissimos sunt. Aut exercitationem cupiditate aperiam. Et est praesentium pariatur ut.', 10.5, 9, 4.8, 313, 1984, 5397, 4583),
(783, 'Quod et distinctio architecto', 'portuguese', 'Dolorum beatae veritatis ex dolores eum. Quam in vel adipisci. Eos necessitatibus iure dicta aut soluta accusamus fuga. Earum excepturi sit ea voluptatibus. Qui facere impedit est hic non amet et.', 26.5, 21.2, 4.3, 672, 1976, 7333, 4583),
(6160, 'Eum mollitia voluptas molestiae', 'polish', 'Aperiam aut aut dolor accusantium voluptates reprehenderit. Ab ea voluptatem quia quibusdam. Quasi accusantium qui esse eum quia est. Nam aut sunt aut perspiciatis veniam aspernatur sapiente. Omnis sapiente vitae voluptatibus.', 13.9, 25.5, 1.5, 461, 1982, 5397, 8111),
(4174, 'Repellendus natus quos magnam', 'russian', 'Omnis facilis provident voluptatum corporis aut. Et necessitatibus est incidunt laudantium perferendis odio. Magnam assumenda eius qui ea enim explicabo. Qui dolorem commodi amet nihil iste consequatur praesentium. Nihil sapiente asperiores sed quam in consequatur.', 31.4, 6.3, 4, 31, 1995, 9682, 2559),
(771, 'Hic modi ipsum', 'croatian', 'At aut esse aut. Dolorum distinctio consectetur officia aut. Necessitatibus qui et. Et quia et. Autem voluptatem praesentium et.', 34.2, 17.4, 1.3, 909, 2017, 6163, 2559),
(3864, 'Debitis qui impedit', 'farsi', 'Quas sed et. Corporis distinctio quod temporibus. Est laborum voluptas.', 29.4, 21.6, 1.1, 571, 2014, 6163, 2559),
(434, 'Placeat ducimus labore consequatur', 'urdu', 'Ab inventore reiciendis vel nihil. Quas nostrum autem autem eos harum suscipit delectus. Exercitationem voluptates porro molestiae aspernatur nam.', 23.6, 9.2, 4.8, 686, 1976, 3159, 8111),
(940, 'Perferendis veritatis eum', 'croatian', 'Repellendus est error in aliquid quia. Omnis alias aut sed blanditiis qui illum dignissimos. Enim sequi corporis itaque recusandae dolore.', 5.1, 10.7, 3.8, 849, 2006, 2872, 7927),
(3661, 'Quod repellendus veritatis', 'armenian', 'Id incidunt voluptatem aliquam excepturi sunt maxime. Voluptates exercitationem omnis cupiditate deserunt. Ipsa molestiae porro est est. Architecto qui expedita nihil.', 5.6, 15.1, 1.3, 318, 1988, 3192, 696),
(8425, 'Ipsam placeat voluptatum', 'german', 'Minima dolor ipsum facere sed aut. Fugiat fugit in. Officia enim tempore ut odio.', 9.8, 32.8, 4.1, 739, 2009, 581, 7927),
(9629, 'Quia id a eaque', 'german', 'Occaecati in et qui. Dolorum sed sed. Eveniet velit officia at. Accusantium et iusto nisi maxime magnam quos. Laudantium exercitationem tempora.', 23.8, 30.8, 2.7, 339, 1984, 1003, 7673),
(5144, 'Nihil magni cupiditate', 'croatian', 'Enim a magnam aut aut asperiores voluptas repellat. Aut aut ea. Et esse consequatur deleniti nostrum modi rerum dolor. Qui accusantium non enim ea reiciendis et.', 6.3, 32.5, 2.2, 896, 1987, 8674, 7927),
(8120, 'Illo fugit sed dolorem', 'portuguese', 'Nihil unde dignissimos magnam qui maiores sit nihil. Libero ut quas quo molestiae nisi. Delectus laudantium fugit et aut.', 31.9, 21.6, 2.6, 245, 1993, 4026, 6520),
(5212, 'Aut dolorum minus', 'ukrainian', 'Labore quos omnis cum. Iusto temporibus animi dolore voluptates. Molestiae est earum quidem id.', 34.3, 17, 2.5, 346, 1972, 1067, 8246),
(626, 'Nihil quae quidem minima', 'spanish', 'Modi sint officia ullam unde. Molestiae asperiores dolorum totam veritatis nihil ut eum. Sequi soluta et ad sit quia debitis. At atque vel dolores. Ut hic debitis itaque tempore ipsum et repellendus.', 22.2, 14.5, 3.8, 141, 1985, 7333, 8246),
(8764, 'Eum et qui', 'french', 'Ut et deleniti eos doloremque quia. Eveniet optio omnis enim ab. Quis voluptates ut odit aut. Autem ad illo nihil et cumque esse rem. Numquam rerum eius.', 27.6, 24.6, 2, 951, 1993, 1050, 8111),
(3032, 'Similique ullam provident', 'portuguese', 'Sit quo similique unde quo est perferendis id. In cum sed et. Numquam ut esse.', 25.6, 23.5, 3.8, 606, 2015, 4448, 9646),
(5450, 'Quae ratione assumenda', 'russian', 'Sed voluptatibus nisi ipsam iure voluptatem suscipit. Ut laborum sit velit perspiciatis est perspiciatis. Aut reprehenderit voluptas praesentium. Explicabo possimus fugiat voluptatum quas earum facilis et.', 28.8, 32.3, 4.6, 393, 1972, 1709, 7927),
(6617, 'Molestias aut eius', 'french', 'Saepe fuga est sit atque explicabo suscipit. Officiis minus aut temporibus est repellendus. Libero distinctio et enim in ducimus. At dolor beatae et corrupti qui optio ab. Illum laudantium quasi quis.', 11, 30, 1.3, 134, 2007, 6700, 696),
(7155, 'Rerum culpa cumque dolores', 'ukrainian', 'Quis voluptatem voluptas tempora voluptatem magnam magnam deleniti. Sequi voluptas iure temporibus qui qui. Iure in cumque qui velit ducimus.', 5.3, 11.9, 4.2, 677, 2012, 1709, 9646),
(1229, 'Autem maxime sit', 'chinese', 'Velit suscipit ex modi non sit. Accusantium dolores dolores consequatur maiores distinctio. Nobis esse iste autem cumque deserunt. Et quis totam et velit nemo tempore in. Odio placeat occaecati temporibus.', 15.4, 28.2, 3.9, 216, 2008, 2526, 7927),
(5422, 'Assumenda nihil laudantium', 'farsi', 'Voluptatem aut eveniet iste eveniet et officiis delectus. Architecto dolores et et debitis qui. Eum voluptatem doloremque minus illo corrupti dolor libero. Voluptate iure dicta natus et. Dolor atque nemo aliquid vel.', 26.5, 27.3, 2.7, 590, 2000, 9784, 6520),
(747, 'Deserunt et ut', 'armenian', 'Praesentium atque qui voluptatem omnis. Possimus necessitatibus quos laudantium non aut dolor ut. Omnis quibusdam voluptates dolorem.', 12.7, 17.1, 2.9, 92, 2013, 7738, 6520),
(2949, 'Quia adipisci culpa', 'chinese', 'Sed quo aut sit. Et quis aliquam voluptatem quibusdam. Iusto et molestias illum tenetur illo fuga qui. Dignissimos dolores vel omnis modi et nulla.', 7.6, 14.7, 1.2, 974, 2006, 3083, 9646),
(8134, 'Est iste a', 'spanish', 'Non hic recusandae nobis nemo sit. Est aperiam possimus est. Neque quam odio hic et reiciendis dolorem.', 12.3, 22.4, 3.4, 381, 1979, 6915, 6520),
(2326, 'Veniam consectetur ut', 'french', 'Iusto unde nesciunt ipsam tempora voluptates quis voluptatum. Officia autem consequuntur qui. Quia et debitis. Assumenda rerum incidunt numquam eum. Exercitationem vero recusandae corporis voluptates similique.', 26.4, 14.8, 2.6, 404, 1987, 6915, 8246),
(2966, 'Delectus nostrum saepe fugiat', 'ukrainian', 'Deserunt sit molestiae corporis voluptas velit vel sint. Sunt aut eos et est. Ea possimus necessitatibus sequi fugiat quam totam accusamus. Aliquam recusandae labore ullam quo ab culpa ab. Qui et sit quas et veniam minus.', 21.8, 10.2, 2.8, 899, 1973, 4557, 9646),
(5677, 'Pariatur atque quia', 'chinese', 'Similique aut ex et nihil at accusamus tempora. Accusantium dolor nobis. Quaerat et eos qui non.', 22, 7.4, 3.5, 456, 1980, 6700, 7318),
(3566, 'Porro quae quidem nobis', 'urdu', 'Quia necessitatibus autem veritatis distinctio esse. Enim quam quis iure est optio natus. Occaecati dolores aut voluptatibus autem modi delectus dolores. Ad est dolores eos. Odit id qui.', 10.7, 11.9, 1.4, 216, 1985, 7738, 9646),
(5421, 'Voluptas consectetur perferendis a', 'ukrainian', 'Alias delectus perspiciatis qui. Tempore dolorum officiis laboriosam eum autem quas rerum. Dolor quia quibusdam ut sunt doloremque. Sed dolores nam.', 13.3, 21.3, 4.8, 145, 1991, 6381, 7673),
(2003, 'Repudiandae non illum esse', 'chinese', 'Et ut maiores fuga quibusdam porro id. Officia dolor et pariatur. Voluptatem non at autem quaerat. Numquam blanditiis et.', 33.9, 19.2, 3.1, 828, 1979, 2335, 7318),
(8662, 'Est et quo', 'farsi', 'Qui quasi molestiae nam ducimus sequi voluptas quod. Soluta laborum id corrupti. Aut corporis laudantium earum.', 26.2, 26.3, 1.3, 490, 1996, 2872, 696),
(5923, 'Dolorum amet tempora', 'croatian', 'Magni doloribus iste neque nemo vel qui qui. Quo porro facere. Qui rem adipisci et porro repudiandae. Commodi eaque sint.', 31.9, 33.5, 3.6, 745, 1999, 9100, 2559),
(957, 'Aut quia nulla et', 'armenian', 'Placeat facilis debitis quam voluptatem voluptatum. Iure enim error. Accusantium dolorem magni sed sit iste. Ipsa culpa animi.', 5.5, 22.7, 2, 885, 2008, 1224, 6520),
(934, 'Numquam cupiditate maxime et', 'french', 'Commodi iure praesentium sit perferendis molestias tenetur ut. Fuga laborum modi architecto quam voluptas. Consectetur ut ut ut sapiente. Hic possimus quo.', 24.7, 19.7, 1.2, 17, 1995, 9100, 696),
(4349, 'Distinctio fuga nobis', 'armenian', 'Eius dicta ea unde nesciunt rerum. Enim voluptas eum pariatur repellat et non exercitationem. Officiis autem iusto voluptas. Corporis dolorum quaerat quia et. Distinctio aliquid numquam quibusdam amet.', 23.8, 26.7, 1.6, 70, 1983, 9100, 696),
(6913, 'Quae voluptatibus aperiam', 'belorussian', 'Eum qui deleniti sint. Magni iusto doloremque minima quisquam deserunt. Eligendi qui eius repellat deserunt minus aut maiores. Ratione sint molestias aut est assumenda dolores ad. Quae ut similique explicabo voluptatem molestiae ipsa dolore.', 16.6, 8.1, 4.4, 754, 1982, 5648, 2559),
(3432, 'Ab autem quaerat', 'spanish', 'Adipisci ex repellendus ut fugit quam. Totam non quia. Porro itaque eos laboriosam sint maxime. Quae consequatur eveniet sint id est nam labore.', 27.5, 23.8, 1.6, 966, 2014, 1709, 8111),
(7071, 'Rem ab repudiandae et', 'english', 'Ut aut dolor. Qui rerum saepe voluptatem dolores. Voluptatem provident voluptatem vel ad sed soluta. Quibusdam alias delectus fugit.', 29.6, 24.7, 4.1, 838, 1972, 1825, 696),
(5077, 'Quaerat accusantium quibusdam similique', 'french', 'Voluptas explicabo commodi dolorem et perspiciatis dolores. Voluptatem atque voluptatem consequatur quaerat quidem error ducimus. Dolores minima aliquam. Qui qui cum voluptates voluptates et.', 14.8, 28.9, 3.4, 790, 1986, 1709, 696),
(5614, 'In eligendi commodi incidunt', 'russian', 'Id laboriosam aut adipisci dignissimos. Exercitationem quia animi necessitatibus impedit aliquam ut qui. Perferendis enim similique similique consequatur. Quo et est hic ullam qui enim.', 13.5, 31.7, 3, 947, 1992, 6381, 8246),
(7841, 'Non aut autem vero', 'croatian', 'Praesentium natus illo officia. Libero aut est vitae. Aut rem voluptas. Dolores similique corrupti sapiente amet. Cupiditate exercitationem ut nisi impedit.', 24.5, 9.7, 1, 134, 2010, 7738, 9646),
(4411, 'Nisi inventore dignissimos', 'spanish', 'Totam eaque eligendi amet earum. Veritatis expedita maiores amet sit. Ipsum est et. Animi dolores consectetur rerum perspiciatis dolores.', 25.4, 9.1, 2.5, 939, 2000, 1825, 7927),
(1625, 'Ea quis laboriosam', 'chinese', 'Qui sunt rerum nesciunt non. Voluptatem voluptatem est nisi aut sunt autem vero. Pariatur cupiditate in.', 6.2, 23.5, 1.9, 384, 1989, 4026, 7673),
(5051, 'Nam non rerum', 'croatian', 'Quo iusto odio accusantium alias eaque atque voluptatem. Tempore autem debitis sed distinctio libero voluptatem totam. Ut ab sunt voluptates officia. Cumque quos enim. Recusandae aspernatur perferendis sed accusamus temporibus ut.', 20, 26.5, 3.5, 326, 1999, 1709, 7927),
(596, 'Doloremque veniam laborum dolor', 'arabic', 'Voluptates et ratione doloremque debitis commodi eum ut. Aut tenetur impedit omnis et. Quisquam quae adipisci excepturi.', 19, 24.1, 1.2, 304, 1996, 1224, 6520),
(7009, 'Vitae quia atque sapiente', 'english', 'Qui voluptatum dolor quae ipsa. Perferendis rerum labore eveniet. Harum ut neque. Voluptate doloremque voluptatem veritatis. Temporibus eaque est.', 7.5, 9.9, 5, 566, 2002, 2526, 696),
(959, 'Deserunt alias et', 'urdu', 'Aspernatur sunt maiores in dolore minus molestiae. Voluptas asperiores eum. Vero vero non. Natus possimus temporibus sed et ad nam nihil.', 30.1, 22, 4.7, 500, 1974, 2526, 8111),
(5440, 'Itaque quam culpa', 'russian', 'Totam et eligendi laboriosam iusto totam omnis. Recusandae voluptatibus ut et. Officia totam nihil odit inventore illo praesentium vitae. Enim reprehenderit saepe autem. Doloribus sed sint enim.', 12.1, 21.5, 2, 718, 1995, 1825, 7927),
(3530, 'Odit quia maiores est', 'farsi', 'Deserunt quia culpa vel sit veritatis. Distinctio vitae et. Ea corporis tempore. Natus ut quia itaque facilis illo dicta. Harum natus eum quisquam et.', 26.4, 26.1, 1.1, 603, 1993, 9100, 9646),
(6378, 'Ad at fugiat', 'russian', 'Blanditiis voluptatem dolores ab velit atque. Nobis qui ut molestiae provident explicabo. Sed suscipit odio porro aut sit corrupti.', 9.5, 24.1, 4, 534, 1992, 6381, 696),
(4579, 'Earum facere mollitia', 'farsi', 'Est in natus exercitationem. Alias eos est adipisci. Accusamus voluptatem error et enim voluptas.', 8.6, 24.5, 4.9, 117, 1979, 6381, 7318),
(2746, 'Et aut in', 'english', 'Harum voluptates dolor sit quia corporis eius ducimus. Omnis dicta dolor unde possimus aperiam voluptas et. Nam saepe dolor eos enim quia nostrum.', 15.1, 29.5, 1.6, 610, 2015, 6700, 7673),
(7925, 'Aut facilis iste nulla', 'portuguese', 'Exercitationem dolorum aut autem vitae voluptatem. Iusto dolorum nemo et enim quasi. Voluptate quas possimus nostrum aut neque repudiandae fuga.', 28.2, 24.7, 1.4, 210, 1970, 2335, 7673),
(3716, 'Perferendis cumque voluptatibus', 'farsi', 'Molestiae velit quos placeat aut. Et iste rerum molestiae occaecati consectetur. Voluptas qui quasi nulla ipsum. Dolores omnis quaerat sint harum aliquam sit sed.', 15.9, 21.9, 1.8, 282, 1975, 798, 7927),
(2249, 'Pariatur vitae beatae sit', 'french', 'Rerum est ipsum in voluptatem ullam. Veritatis praesentium voluptas odio consequatur quaerat libero voluptatibus. Enim itaque qui veritatis ut sed reprehenderit.', 27.8, 29.6, 3.1, 811, 1998, 4043, 8111),
(6527, 'Cumque sit est', 'ukrainian', 'Sit cupiditate ducimus. Temporibus similique non. Autem commodi voluptatibus rerum ipsam.', 32, 27.6, 3.5, 95, 1998, 1067, 4583),
(3729, 'Voluptatem in quisquam', 'urdu', 'Et sed temporibus. Voluptas facilis assumenda expedita consequatur. Quam unde neque et tempore provident aliquid non.', 33.6, 18.8, 3.9, 661, 1976, 481, 9646),
(7327, 'Consectetur consequatur dolore', 'portuguese', 'Iusto nulla et repellendus sint dignissimos. Minus tempora dicta eum. Eligendi provident animi voluptatem. Laborum qui nobis totam officia omnis perspiciatis. Et perferendis et.', 29.3, 12, 3.4, 956, 1980, 9494, 8246),
(5078, 'Ut quam qui', 'russian', 'Illum non qui nam deserunt. Eveniet tenetur est qui velit deleniti sint alias. Asperiores molestiae nam ea dolores. Consequatur nemo repudiandae corporis quas neque. Vel fuga temporibus sit temporibus aperiam.', 34.4, 20.2, 4.3, 725, 1997, 8072, 8246),
(119, 'Sapiente dolorem ad', 'urdu', 'Sapiente iure soluta. Fugiat provident ut eos nostrum. Perferendis vero quis tempore eos quos dolorem pariatur.', 30.2, 16.2, 2.3, 189, 1992, 1347, 9646),
(2787, 'Eos suscipit eaque', 'polish', 'Veritatis aut enim necessitatibus eius iste quis. Doloribus et voluptatibus nam est. Repudiandae et saepe illo nobis natus expedita. Nesciunt totam eius a accusantium quis accusamus. Asperiores delectus ullam reprehenderit ut sed reprehenderit.', 32.4, 20.9, 1.1, 552, 1971, 4878, 4583),
(6978, 'Aspernatur ut officia possimus', 'russian', 'Reprehenderit commodi et exercitationem modi. Non labore ullam tempore suscipit quos quo id. Assumenda quo molestiae est neque et ut omnis.', 30.9, 21.4, 3.5, 680, 2012, 6136, 2559),
(4823, 'Dolorem earum ad', 'english', 'Rem qui et sit illum modi beatae. Et fugiat eos est doloribus beatae voluptatibus. Id voluptas sed eligendi nostrum ut et eaque. Minus adipisci placeat sed omnis.', 24.9, 8.4, 3.6, 593, 2014, 5257, 696),
(7088, 'Aut qui officiis sed', 'russian', 'Aliquid quisquam recusandae neque ut voluptatem. Ut omnis excepturi quo accusamus eius assumenda explicabo. Autem vel vel et vel suscipit qui eos.', 6.4, 10.5, 4.2, 249, 1998, 7738, 7318),
(9330, 'Architecto exercitationem alias ducimus', 'chinese', 'Laborum quas sit molestiae ut laudantium. Rerum iure magnam eum dolor voluptatem dolores in. Autem fuga nihil blanditiis cum quidem. Laborum voluptatem voluptas optio qui ut atque.', 11.1, 7.1, 1.3, 603, 1985, 1050, 7318),
(8494, 'Reprehenderit quisquam et', 'french', 'Ut ex fugit nobis quod vel dolorum. Molestias cumque alias. Placeat quasi deserunt harum rem et et dolor.', 10.3, 30.5, 1.5, 616, 1992, 2996, 2559),
(7952, 'Officia perspiciatis placeat repudiandae', 'french', 'Dicta quae qui. Quia minima libero. Doloribus ut vel consequatur corrupti. Facilis porro doloribus nulla repellendus dolor sequi sed. Cupiditate sit ut vitae.', 6.5, 34.2, 2.9, 964, 1980, 9100, 8111),
(2903, 'Eligendi aut sed', 'french', 'Eum cum qui vel velit illo quidem. Sint assumenda velit. Ut facilis ea et.', 29.6, 20.6, 4.2, 953, 2000, 9784, 2559),
(7731, 'Natus libero rerum sed', 'russian', 'Veniam possimus quos commodi ab accusamus. Dolores pariatur minus molestias dolorem. Ab adipisci consequatur consectetur qui unde officiis at. Labore quos omnis nihil aut dolor. Dolore qui ut.', 28.1, 31.3, 2.7, 761, 2000, 5407, 9646),
(4665, 'Laudantium laudantium ducimus accusantium', 'farsi', 'Ea nihil molestiae iste vero. Maiores nesciunt aut et unde rem. Et sed voluptatem et ab. Ipsam ab inventore ut quo sed aut nihil. Qui dolores sed et aut.', 17.5, 12.3, 4.3, 833, 1997, 2335, 7927),
(966, 'Cupiditate consectetur dolor inventore', 'polish', 'Ut debitis consequatur dolorem. Dolor provident et libero quos perferendis id. Rem qui cum facere facilis.', 6.1, 16.9, 3.2, 71, 2017, 5257, 4583),
(1767, 'Libero accusantium illo eligendi', 'farsi', 'Et et soluta aut sequi fugiat. Recusandae porro et explicabo beatae ut aliquid eveniet. Aut deleniti facere quibusdam a consequatur tempore aut. Quaerat est sed blanditiis distinctio dolores voluptatem eos.', 23.5, 28.7, 4, 84, 1996, 4878, 7673),
(4555, 'Consequatur at ut', 'portuguese', 'Eius vero error exercitationem sed. Animi quia inventore et suscipit. Laudantium possimus ut. Et incidunt non repellat voluptatem assumenda ea voluptate. Non dolorum odit quod nihil reprehenderit vitae reiciendis.', 15.9, 26.5, 3.1, 189, 1988, 798, 8246),
(4998, 'Quia quis aut', 'chinese', 'Accusamus architecto quaerat. Eveniet molestiae voluptas earum dolores. Recusandae qui qui quia laudantium aspernatur quia quasi.', 32.9, 8.1, 3.2, 913, 1993, 1825, 7318),
(1653, 'Quibusdam laboriosam sed ea', 'urdu', 'Alias modi maxime beatae non eos odio unde. Hic voluptas qui nisi qui qui itaque ea. Alias est recusandae commodi. Ipsa omnis quibusdam nostrum quas sit natus.', 8, 10.3, 4.4, 680, 2014, 8003, 9646),
(9641, 'Deleniti reprehenderit excepturi', 'belorussian', 'Velit iusto aliquid voluptatem dolores et. Ipsam eius et sint nesciunt. Est est blanditiis maxime omnis quos distinctio.', 18.1, 20.8, 2.2, 826, 1979, 2872, 6520),
(5689, 'Accusantium a eaque laborum', 'urdu', 'Ex magnam iusto. Officiis ut autem inventore quia id labore sunt. Corporis et quos.', 6, 16.3, 1.2, 833, 2002, 2872, 6520),
(9540, 'Cumque quia ut', 'russian', 'Id ipsum ut temporibus. A eum quam ut ut reprehenderit laudantium. Explicabo sint in consequatur et assumenda beatae.', 13.6, 12.5, 1.6, 898, 1978, 9100, 7673),
(8389, 'Sint voluptates dolorem et', 'farsi', 'Fuga corrupti est aliquid. Tenetur expedita nihil temporibus voluptatem. Debitis rerum aut.', 17.5, 21.8, 4, 124, 1990, 2526, 9646),
(2747, 'Tempore dolore esse', 'portuguese', 'Aut similique magni in qui dolorem culpa. Consequatur deleniti doloremque odit eos id. Cumque vel debitis quia. Omnis ratione sed. Alias neque aspernatur sapiente dolore.', 34.4, 17.8, 2.3, 639, 1987, 5407, 7673),
(2237, 'Voluptatem quas eum', 'portuguese', 'Repudiandae voluptate impedit rem corporis mollitia sunt voluptatem. Amet architecto et perferendis. Excepturi ut debitis veniam beatae sed.', 10.5, 18.8, 2.1, 239, 2010, 1224, 9646),
(188, 'Ratione fugit labore', 'french', 'Accusamus consequatur ut pariatur. Odio et beatae sed consequatur sint omnis omnis. Harum aut corporis ipsa. Incidunt ut architecto rerum.', 12.4, 28.6, 4.3, 147, 1988, 4026, 7673),
(8083, 'Sed eligendi minus optio', 'english', 'Voluptatibus sed corrupti enim fugiat. Et et quis magnam exercitationem dolore accusamus impedit. Itaque totam qui tenetur alias. Reprehenderit omnis rerum. Ut ducimus mollitia perferendis qui.', 34.3, 32.5, 1.8, 343, 1992, 1825, 7318),
(7567, 'Debitis error vitae quod', 'farsi', 'Quo doloribus magni et soluta qui. Ipsa consequatur neque ipsa. Voluptate fuga maiores non. Quis vitae autem saepe libero hic possimus. Quod laborum saepe.', 29.4, 28, 3.5, 272, 1989, 6700, 7318),
(7789, 'Quia iste aliquid', 'spanish', 'Ut ab aut quod. Eos quia recusandae odio quasi. In voluptas neque nihil voluptatem corporis ipsa.', 23.3, 5.6, 5, 96, 1970, 581, 8111),
(1263, 'Facilis non odio eum', 'polish', 'Ipsam eaque modi ut dolorum molestiae. Nemo at dolores quisquam quaerat iure repudiandae est. Veritatis numquam at est.', 8.1, 29.4, 2.6, 635, 1995, 3083, 4583),
(6754, 'Et corporis a dolor', 'spanish', 'Eum similique hic quis omnis. Perspiciatis qui optio deleniti. Officiis dolores sapiente. Quam odit modi natus quis atque maiores.', 11.6, 28.5, 4.6, 292, 2003, 3159, 6520);
